stimuli,emotion_stimuli,subject,emotion_subject
nishio_ang_au_cl_2_0,ang,0,ang
ota_ang_au_cl_1_0,ang,0,dis
koyama_ang_au_cl_2_0,ang,0,ang
iwagami_ang_au_cl_1_0,ang,0,ang
henmi_ang_au_cl_4_0,ang,0,sad
kikuguti_ang_au_cl_1_0,ang,0,ang
sirakura_ang_au_cl_3_0,ang,0,ang
nakatakuma_ang_au_cl_2_0,ang,0,ang
nishio_dis_au_cl_3_0,dis,0,fea
ota_dis_au_cl_1_0,dis,0,dis
koyama_dis_au_cl_2_0,dis,0,sad
iwagami_dis_au_cl_1_0,dis,0,ang
henmi_dis_au_cl_1_0,dis,0,sad
kikuguti_dis_au_cl_4_0,dis,0,fea
sirakura_dis_au_cl_1_0,dis,0,sad
nakatakuma_dis_au_cl_1_0,dis,0,dis
nishio_fea_au_mouth_2_0,fea,0,fea
ota_fea_fr_2_0,fea,0,fea
koyama_fea_fr_2_0,fea,0,sur
iwagami_fea_au_mouth_1_0,fea,0,sad
henmi_fea_au_mouth_2_0,fea,0,fea
kikuguti_fea_au_mouth_1_0,fea,0,sad
sirakura_fea_fr_2_0,fea,0,sur
nakatakuma_fea_fr_1_0,fea,0,fea
nishio_hap_au_du_1_0,hap,0,hap
ota_hap_au_du_1_0,hap,0,hap
koyama_hap_au_du_1_0,hap,0,hap
iwagami_hap_au_du_2_0,hap,0,hap
henmi_hap_au_du_1_0,hap,0,hap
kikuguti_hap_au_du_4_0,hap,0,hap
sirakura_hap_au_du_2_0,hap,0,hap
nakatakuma_hap_au_du_1_0,hap,0,hap
nishio_sad_au_1_0,sad,0,sad
ota_sad_au_mouth_1_0,sad,0,sad
koyama_sad_au_mouth_1_0,sad,0,sad
iwagami_sad_au_mouth_3_0,sad,0,sad
henmi_sad_au_mouth_3_0,sad,0,sad
kikuguti_sad_au_1_0,sad,0,sad
sirakura_sad_au_mouth_1_0_130,sad,0,sad
nakatakuma_sad_au_2_0,sad,0,dis
nishio_sur_au_mouth_2_0,sur,0,sur
ota_sur_fr_1_0,sur,0,sur
koyama_sur_fr_2_0,sur,0,sur
iwagami_sur_au_mouth_2_0,sur,0,sur
henmi_sur_au_mouth_2_0,sur,0,sur
kikuguti_sur_fr_2_0,sur,0,sur
sirakura_sur_fr_1_0,sur,0,sur
nakatakuma_sur_au_mouth_2_0,sur,0,sur
nishio_ang_au_cl_2_0,ang,1,ang
ota_ang_au_cl_1_0,ang,1,ang
koyama_ang_au_cl_2_0,ang,1,ang
iwagami_ang_au_cl_1_0,ang,1,ang
henmi_ang_au_cl_4_0,ang,1,ang
kikuguti_ang_au_cl_1_0,ang,1,ang
sirakura_ang_au_cl_3_0,ang,1,ang
nakatakuma_ang_au_cl_2_0,ang,1,ang
nishio_dis_au_cl_3_0,dis,1,dis
ota_dis_au_cl_1_0,dis,1,dis
koyama_dis_au_cl_2_0,dis,1,sad
iwagami_dis_au_cl_1_0,dis,1,dis
henmi_dis_au_cl_1_0,dis,1,sad
kikuguti_dis_au_cl_4_0,dis,1,ang
sirakura_dis_au_cl_1_0,dis,1,sad
nakatakuma_dis_au_cl_1_0,dis,1,dis
nishio_fea_au_mouth_2_0,fea,1,fea
ota_fea_fr_2_0,fea,1,dis
koyama_fea_fr_2_0,fea,1,dis
iwagami_fea_au_mouth_1_0,fea,1,fea
henmi_fea_au_mouth_2_0,fea,1,fea
kikuguti_fea_au_mouth_1_0,fea,1,fea
sirakura_fea_fr_2_0,fea,1,ang
nakatakuma_fea_fr_1_0,fea,1,sur
nishio_hap_au_du_1_0,hap,1,hap
ota_hap_au_du_1_0,hap,1,hap
koyama_hap_au_du_1_0,hap,1,hap
iwagami_hap_au_du_2_0,hap,1,hap
henmi_hap_au_du_1_0,hap,1,hap
kikuguti_hap_au_du_4_0,hap,1,hap
sirakura_hap_au_du_2_0,hap,1,hap
nakatakuma_hap_au_du_1_0,hap,1,hap
nishio_sad_au_1_0,sad,1,dis
ota_sad_au_mouth_1_0,sad,1,sad
koyama_sad_au_mouth_1_0,sad,1,sad
iwagami_sad_au_mouth_3_0,sad,1,sad
henmi_sad_au_mouth_3_0,sad,1,sad
kikuguti_sad_au_1_0,sad,1,sad
sirakura_sad_au_mouth_1_0_130,sad,1,sad
nakatakuma_sad_au_2_0,sad,1,ang
nishio_sur_au_mouth_2_0,sur,1,sur
ota_sur_fr_1_0,sur,1,sur
koyama_sur_fr_2_0,sur,1,sur
iwagami_sur_au_mouth_2_0,sur,1,sur
henmi_sur_au_mouth_2_0,sur,1,sur
kikuguti_sur_fr_2_0,sur,1,sur
sirakura_sur_fr_1_0,sur,1,sur
nakatakuma_sur_au_mouth_2_0,sur,1,sur
nishio_ang_au_cl_2_0,ang,2,ang
ota_ang_au_cl_1_0,ang,2,ang
koyama_ang_au_cl_2_0,ang,2,ang
iwagami_ang_au_cl_1_0,ang,2,ang
henmi_ang_au_cl_4_0,ang,2,ang
kikuguti_ang_au_cl_1_0,ang,2,ang
sirakura_ang_au_cl_3_0,ang,2,ang
nakatakuma_ang_au_cl_2_0,ang,2,ang
nishio_dis_au_cl_3_0,dis,2,dis
ota_dis_au_cl_1_0,dis,2,ang
koyama_dis_au_cl_2_0,dis,2,dis
iwagami_dis_au_cl_1_0,dis,2,dis
henmi_dis_au_cl_1_0,dis,2,sad
kikuguti_dis_au_cl_4_0,dis,2,ang
sirakura_dis_au_cl_1_0,dis,2,dis
nakatakuma_dis_au_cl_1_0,dis,2,dis
nishio_fea_au_mouth_2_0,fea,2,sur
ota_fea_fr_2_0,fea,2,fea
koyama_fea_fr_2_0,fea,2,sur
iwagami_fea_au_mouth_1_0,fea,2,sur
henmi_fea_au_mouth_2_0,fea,2,dis
kikuguti_fea_au_mouth_1_0,fea,2,sad
sirakura_fea_fr_2_0,fea,2,sur
nakatakuma_fea_fr_1_0,fea,2,ang
nishio_hap_au_du_1_0,hap,2,hap
ota_hap_au_du_1_0,hap,2,hap
koyama_hap_au_du_1_0,hap,2,hap
iwagami_hap_au_du_2_0,hap,2,hap
henmi_hap_au_du_1_0,hap,2,hap
kikuguti_hap_au_du_4_0,hap,2,hap
sirakura_hap_au_du_2_0,hap,2,hap
nakatakuma_hap_au_du_1_0,hap,2,hap
nishio_sad_au_1_0,sad,2,fea
ota_sad_au_mouth_1_0,sad,2,sad
koyama_sad_au_mouth_1_0,sad,2,sad
iwagami_sad_au_mouth_3_0,sad,2,fea
henmi_sad_au_mouth_3_0,sad,2,sad
kikuguti_sad_au_1_0,sad,2,sad
sirakura_sad_au_mouth_1_0_130,sad,2,sad
nakatakuma_sad_au_2_0,sad,2,dis
nishio_sur_au_mouth_2_0,sur,2,sur
ota_sur_fr_1_0,sur,2,sur
koyama_sur_fr_2_0,sur,2,sur
iwagami_sur_au_mouth_2_0,sur,2,sur
henmi_sur_au_mouth_2_0,sur,2,sur
kikuguti_sur_fr_2_0,sur,2,sur
sirakura_sur_fr_1_0,sur,2,sur
nakatakuma_sur_au_mouth_2_0,sur,2,sur
nishio_ang_au_cl_2_0,ang,3,ang
ota_ang_au_cl_1_0,ang,3,ang
koyama_ang_au_cl_2_0,ang,3,ang
iwagami_ang_au_cl_1_0,ang,3,sad
henmi_ang_au_cl_4_0,ang,3,dis
kikuguti_ang_au_cl_1_0,ang,3,ang
sirakura_ang_au_cl_3_0,ang,3,dis
nakatakuma_ang_au_cl_2_0,ang,3,ang
nishio_dis_au_cl_3_0,dis,3,dis
ota_dis_au_cl_1_0,dis,3,dis
koyama_dis_au_cl_2_0,dis,3,sad
iwagami_dis_au_cl_1_0,dis,3,dis
henmi_dis_au_cl_1_0,dis,3,sad
kikuguti_dis_au_cl_4_0,dis,3,dis
sirakura_dis_au_cl_1_0,dis,3,sad
nakatakuma_dis_au_cl_1_0,dis,3,dis
nishio_fea_au_mouth_2_0,fea,3,sur
ota_fea_fr_2_0,fea,3,dis
koyama_fea_fr_2_0,fea,3,sur
iwagami_fea_au_mouth_1_0,fea,3,dis
henmi_fea_au_mouth_2_0,fea,3,dis
kikuguti_fea_au_mouth_1_0,fea,3,sad
sirakura_fea_fr_2_0,fea,3,sur
nakatakuma_fea_fr_1_0,fea,3,fea
nishio_hap_au_du_1_0,hap,3,hap
ota_hap_au_du_1_0,hap,3,hap
koyama_hap_au_du_1_0,hap,3,hap
iwagami_hap_au_du_2_0,hap,3,hap
henmi_hap_au_du_1_0,hap,3,hap
kikuguti_hap_au_du_4_0,hap,3,hap
sirakura_hap_au_du_2_0,hap,3,hap
nakatakuma_hap_au_du_1_0,hap,3,hap
nishio_sad_au_1_0,sad,3,sad
ota_sad_au_mouth_1_0,sad,3,sad
koyama_sad_au_mouth_1_0,sad,3,sad
iwagami_sad_au_mouth_3_0,sad,3,sad
henmi_sad_au_mouth_3_0,sad,3,ang
kikuguti_sad_au_1_0,sad,3,sad
sirakura_sad_au_mouth_1_0_130,sad,3,sad
nakatakuma_sad_au_2_0,sad,3,sad
nishio_sur_au_mouth_2_0,sur,3,sur
ota_sur_fr_1_0,sur,3,sur
koyama_sur_fr_2_0,sur,3,sur
iwagami_sur_au_mouth_2_0,sur,3,sur
henmi_sur_au_mouth_2_0,sur,3,sur
kikuguti_sur_fr_2_0,sur,3,sur
sirakura_sur_fr_1_0,sur,3,sur
nakatakuma_sur_au_mouth_2_0,sur,3,sur
nishio_ang_au_cl_2_0,ang,4,ang
ota_ang_au_cl_1_0,ang,4,ang
koyama_ang_au_cl_2_0,ang,4,ang
iwagami_ang_au_cl_1_0,ang,4,ang
henmi_ang_au_cl_4_0,ang,4,ang
kikuguti_ang_au_cl_1_0,ang,4,ang
sirakura_ang_au_cl_3_0,ang,4,ang
nakatakuma_ang_au_cl_2_0,ang,4,ang
nishio_dis_au_cl_3_0,dis,4,dis
ota_dis_au_cl_1_0,dis,4,ang
koyama_dis_au_cl_2_0,dis,4,dis
iwagami_dis_au_cl_1_0,dis,4,dis
henmi_dis_au_cl_1_0,dis,4,dis
kikuguti_dis_au_cl_4_0,dis,4,dis
sirakura_dis_au_cl_1_0,dis,4,dis
nakatakuma_dis_au_cl_1_0,dis,4,dis
nishio_fea_au_mouth_2_0,fea,4,sur
ota_fea_fr_2_0,fea,4,fea
koyama_fea_fr_2_0,fea,4,fea
iwagami_fea_au_mouth_1_0,fea,4,fea
henmi_fea_au_mouth_2_0,fea,4,fea
kikuguti_fea_au_mouth_1_0,fea,4,sad
sirakura_fea_fr_2_0,fea,4,fea
nakatakuma_fea_fr_1_0,fea,4,fea
nishio_hap_au_du_1_0,hap,4,hap
ota_hap_au_du_1_0,hap,4,hap
koyama_hap_au_du_1_0,hap,4,hap
iwagami_hap_au_du_2_0,hap,4,hap
henmi_hap_au_du_1_0,hap,4,hap
kikuguti_hap_au_du_4_0,hap,4,hap
sirakura_hap_au_du_2_0,hap,4,hap
nakatakuma_hap_au_du_1_0,hap,4,hap
nishio_sad_au_1_0,sad,4,sad
ota_sad_au_mouth_1_0,sad,4,sad
koyama_sad_au_mouth_1_0,sad,4,sad
iwagami_sad_au_mouth_3_0,sad,4,sad
henmi_sad_au_mouth_3_0,sad,4,sad
kikuguti_sad_au_1_0,sad,4,sad
sirakura_sad_au_mouth_1_0_130,sad,4,sad
nakatakuma_sad_au_2_0,sad,4,ang
nishio_sur_au_mouth_2_0,sur,4,sur
ota_sur_fr_1_0,sur,4,sur
koyama_sur_fr_2_0,sur,4,sur
iwagami_sur_au_mouth_2_0,sur,4,sur
henmi_sur_au_mouth_2_0,sur,4,sur
kikuguti_sur_fr_2_0,sur,4,sur
sirakura_sur_fr_1_0,sur,4,sur
nakatakuma_sur_au_mouth_2_0,sur,4,sur
nishio_ang_au_cl_2_0,ang,5,ang
ota_ang_au_cl_1_0,ang,5,dis
koyama_ang_au_cl_2_0,ang,5,ang
iwagami_ang_au_cl_1_0,ang,5,sad
henmi_ang_au_cl_4_0,ang,5,dis
kikuguti_ang_au_cl_1_0,ang,5,ang
sirakura_ang_au_cl_3_0,ang,5,ang
nakatakuma_ang_au_cl_2_0,ang,5,ang
nishio_dis_au_cl_3_0,dis,5,sad
ota_dis_au_cl_1_0,dis,5,dis
koyama_dis_au_cl_2_0,dis,5,dis
iwagami_dis_au_cl_1_0,dis,5,dis
henmi_dis_au_cl_1_0,dis,5,sad
kikuguti_dis_au_cl_4_0,dis,5,sad
sirakura_dis_au_cl_1_0,dis,5,sad
nakatakuma_dis_au_cl_1_0,dis,5,dis
nishio_fea_au_mouth_2_0,fea,5,fea
ota_fea_fr_2_0,fea,5,fea
koyama_fea_fr_2_0,fea,5,fea
iwagami_fea_au_mouth_1_0,fea,5,fea
henmi_fea_au_mouth_2_0,fea,5,fea
kikuguti_fea_au_mouth_1_0,fea,5,sad
sirakura_fea_fr_2_0,fea,5,sur
nakatakuma_fea_fr_1_0,fea,5,sur
nishio_hap_au_du_1_0,hap,5,hap
ota_hap_au_du_1_0,hap,5,hap
koyama_hap_au_du_1_0,hap,5,hap
iwagami_hap_au_du_2_0,hap,5,hap
henmi_hap_au_du_1_0,hap,5,hap
kikuguti_hap_au_du_4_0,hap,5,hap
sirakura_hap_au_du_2_0,hap,5,hap
nakatakuma_hap_au_du_1_0,hap,5,hap
nishio_sad_au_1_0,sad,5,sad
ota_sad_au_mouth_1_0,sad,5,sad
koyama_sad_au_mouth_1_0,sad,5,sad
iwagami_sad_au_mouth_3_0,sad,5,sad
henmi_sad_au_mouth_3_0,sad,5,sad
kikuguti_sad_au_1_0,sad,5,sad
sirakura_sad_au_mouth_1_0_130,sad,5,sad
nakatakuma_sad_au_2_0,sad,5,sad
nishio_sur_au_mouth_2_0,sur,5,hap
ota_sur_fr_1_0,sur,5,sur
koyama_sur_fr_2_0,sur,5,sur
iwagami_sur_au_mouth_2_0,sur,5,sur
henmi_sur_au_mouth_2_0,sur,5,sur
kikuguti_sur_fr_2_0,sur,5,sur
sirakura_sur_fr_1_0,sur,5,sur
nakatakuma_sur_au_mouth_2_0,sur,5,sur
nishio_ang_au_cl_2_0,ang,6,ang
ota_ang_au_cl_1_0,ang,6,ang
koyama_ang_au_cl_2_0,ang,6,ang
iwagami_ang_au_cl_1_0,ang,6,ang
henmi_ang_au_cl_4_0,ang,6,ang
kikuguti_ang_au_cl_1_0,ang,6,ang
sirakura_ang_au_cl_3_0,ang,6,ang
nakatakuma_ang_au_cl_2_0,ang,6,ang
nishio_dis_au_cl_3_0,dis,6,dis
ota_dis_au_cl_1_0,dis,6,dis
koyama_dis_au_cl_2_0,dis,6,dis
iwagami_dis_au_cl_1_0,dis,6,dis
henmi_dis_au_cl_1_0,dis,6,dis
kikuguti_dis_au_cl_4_0,dis,6,dis
sirakura_dis_au_cl_1_0,dis,6,sad
nakatakuma_dis_au_cl_1_0,dis,6,ang
nishio_fea_au_mouth_2_0,fea,6,fea
ota_fea_fr_2_0,fea,6,fea
koyama_fea_fr_2_0,fea,6,sur
iwagami_fea_au_mouth_1_0,fea,6,fea
henmi_fea_au_mouth_2_0,fea,6,fea
kikuguti_fea_au_mouth_1_0,fea,6,sad
sirakura_fea_fr_2_0,fea,6,sur
nakatakuma_fea_fr_1_0,fea,6,fea
nishio_hap_au_du_1_0,hap,6,hap
ota_hap_au_du_1_0,hap,6,hap
koyama_hap_au_du_1_0,hap,6,hap
iwagami_hap_au_du_2_0,hap,6,hap
henmi_hap_au_du_1_0,hap,6,hap
kikuguti_hap_au_du_4_0,hap,6,hap
sirakura_hap_au_du_2_0,hap,6,hap
nakatakuma_hap_au_du_1_0,hap,6,hap
nishio_sad_au_1_0,sad,6,sad
ota_sad_au_mouth_1_0,sad,6,sad
koyama_sad_au_mouth_1_0,sad,6,sad
iwagami_sad_au_mouth_3_0,sad,6,sad
henmi_sad_au_mouth_3_0,sad,6,sad
kikuguti_sad_au_1_0,sad,6,sad
sirakura_sad_au_mouth_1_0_130,sad,6,sad
nakatakuma_sad_au_2_0,sad,6,sad
nishio_sur_au_mouth_2_0,sur,6,sur
ota_sur_fr_1_0,sur,6,sur
koyama_sur_fr_2_0,sur,6,sur
iwagami_sur_au_mouth_2_0,sur,6,sur
henmi_sur_au_mouth_2_0,sur,6,sur
kikuguti_sur_fr_2_0,sur,6,ang
sirakura_sur_fr_1_0,sur,6,sur
nakatakuma_sur_au_mouth_2_0,sur,6,sur
nishio_ang_au_cl_2_0,ang,7,ang
ota_ang_au_cl_1_0,ang,7,ang
koyama_ang_au_cl_2_0,ang,7,ang
iwagami_ang_au_cl_1_0,ang,7,ang
henmi_ang_au_cl_4_0,ang,7,ang
kikuguti_ang_au_cl_1_0,ang,7,ang
sirakura_ang_au_cl_3_0,ang,7,ang
nakatakuma_ang_au_cl_2_0,ang,7,ang
nishio_dis_au_cl_3_0,dis,7,sad
ota_dis_au_cl_1_0,dis,7,dis
koyama_dis_au_cl_2_0,dis,7,sad
iwagami_dis_au_cl_1_0,dis,7,sad
henmi_dis_au_cl_1_0,dis,7,sad
kikuguti_dis_au_cl_4_0,dis,7,ang
sirakura_dis_au_cl_1_0,dis,7,sad
nakatakuma_dis_au_cl_1_0,dis,7,dis
nishio_fea_au_mouth_2_0,fea,7,fea
ota_fea_fr_2_0,fea,7,fea
koyama_fea_fr_2_0,fea,7,sur
iwagami_fea_au_mouth_1_0,fea,7,fea
henmi_fea_au_mouth_2_0,fea,7,fea
kikuguti_fea_au_mouth_1_0,fea,7,fea
sirakura_fea_fr_2_0,fea,7,sur
nakatakuma_fea_fr_1_0,fea,7,sur
nishio_hap_au_du_1_0,hap,7,hap
ota_hap_au_du_1_0,hap,7,hap
koyama_hap_au_du_1_0,hap,7,hap
iwagami_hap_au_du_2_0,hap,7,hap
henmi_hap_au_du_1_0,hap,7,hap
kikuguti_hap_au_du_4_0,hap,7,hap
sirakura_hap_au_du_2_0,hap,7,hap
nakatakuma_hap_au_du_1_0,hap,7,hap
nishio_sad_au_1_0,sad,7,sad
ota_sad_au_mouth_1_0,sad,7,sad
koyama_sad_au_mouth_1_0,sad,7,sad
iwagami_sad_au_mouth_3_0,sad,7,sad
henmi_sad_au_mouth_3_0,sad,7,sad
kikuguti_sad_au_1_0,sad,7,sad
sirakura_sad_au_mouth_1_0_130,sad,7,sad
nakatakuma_sad_au_2_0,sad,7,sad
nishio_sur_au_mouth_2_0,sur,7,hap
ota_sur_fr_1_0,sur,7,sur
koyama_sur_fr_2_0,sur,7,sur
iwagami_sur_au_mouth_2_0,sur,7,sur
henmi_sur_au_mouth_2_0,sur,7,sur
kikuguti_sur_fr_2_0,sur,7,sur
sirakura_sur_fr_1_0,sur,7,sur
nakatakuma_sur_au_mouth_2_0,sur,7,sur
nishio_ang_au_cl_2_0,ang,8,ang
ota_ang_au_cl_1_0,ang,8,dis
koyama_ang_au_cl_2_0,ang,8,sur
iwagami_ang_au_cl_1_0,ang,8,sad
henmi_ang_au_cl_4_0,ang,8,sad
kikuguti_ang_au_cl_1_0,ang,8,ang
sirakura_ang_au_cl_3_0,ang,8,ang
nakatakuma_ang_au_cl_2_0,ang,8,dis
nishio_dis_au_cl_3_0,dis,8,dis
ota_dis_au_cl_1_0,dis,8,ang
koyama_dis_au_cl_2_0,dis,8,dis
iwagami_dis_au_cl_1_0,dis,8,dis
henmi_dis_au_cl_1_0,dis,8,dis
kikuguti_dis_au_cl_4_0,dis,8,dis
sirakura_dis_au_cl_1_0,dis,8,sad
nakatakuma_dis_au_cl_1_0,dis,8,dis
nishio_fea_au_mouth_2_0,fea,8,sur
ota_fea_fr_2_0,fea,8,fea
koyama_fea_fr_2_0,fea,8,ang
iwagami_fea_au_mouth_1_0,fea,8,dis
henmi_fea_au_mouth_2_0,fea,8,fea
kikuguti_fea_au_mouth_1_0,fea,8,sad
sirakura_fea_fr_2_0,fea,8,fea
nakatakuma_fea_fr_1_0,fea,8,sur
nishio_hap_au_du_1_0,hap,8,hap
ota_hap_au_du_1_0,hap,8,hap
koyama_hap_au_du_1_0,hap,8,hap
iwagami_hap_au_du_2_0,hap,8,hap
henmi_hap_au_du_1_0,hap,8,hap
kikuguti_hap_au_du_4_0,hap,8,hap
sirakura_hap_au_du_2_0,hap,8,hap
nakatakuma_hap_au_du_1_0,hap,8,hap
nishio_sad_au_1_0,sad,8,sad
ota_sad_au_mouth_1_0,sad,8,sad
koyama_sad_au_mouth_1_0,sad,8,sad
iwagami_sad_au_mouth_3_0,sad,8,sad
henmi_sad_au_mouth_3_0,sad,8,sad
kikuguti_sad_au_1_0,sad,8,sad
sirakura_sad_au_mouth_1_0_130,sad,8,sad
nakatakuma_sad_au_2_0,sad,8,sad
nishio_sur_au_mouth_2_0,sur,8,sur
ota_sur_fr_1_0,sur,8,sur
koyama_sur_fr_2_0,sur,8,sur
iwagami_sur_au_mouth_2_0,sur,8,sur
henmi_sur_au_mouth_2_0,sur,8,sur
kikuguti_sur_fr_2_0,sur,8,sur
sirakura_sur_fr_1_0,sur,8,sur
nakatakuma_sur_au_mouth_2_0,sur,8,sur
nishio_ang_au_cl_2_0,ang,9,ang
ota_ang_au_cl_1_0,ang,9,ang
koyama_ang_au_cl_2_0,ang,9,ang
iwagami_ang_au_cl_1_0,ang,9,sad
henmi_ang_au_cl_4_0,ang,9,ang
kikuguti_ang_au_cl_1_0,ang,9,ang
sirakura_ang_au_cl_3_0,ang,9,ang
nakatakuma_ang_au_cl_2_0,ang,9,ang
nishio_dis_au_cl_3_0,dis,9,dis
ota_dis_au_cl_1_0,dis,9,dis
koyama_dis_au_cl_2_0,dis,9,dis
iwagami_dis_au_cl_1_0,dis,9,dis
henmi_dis_au_cl_1_0,dis,9,sad
kikuguti_dis_au_cl_4_0,dis,9,dis
sirakura_dis_au_cl_1_0,dis,9,sad
nakatakuma_dis_au_cl_1_0,dis,9,dis
nishio_fea_au_mouth_2_0,fea,9,fea
ota_fea_fr_2_0,fea,9,fea
koyama_fea_fr_2_0,fea,9,fea
iwagami_fea_au_mouth_1_0,fea,9,fea
henmi_fea_au_mouth_2_0,fea,9,fea
kikuguti_fea_au_mouth_1_0,fea,9,fea
sirakura_fea_fr_2_0,fea,9,fea
nakatakuma_fea_fr_1_0,fea,9,sur
nishio_hap_au_du_1_0,hap,9,hap
ota_hap_au_du_1_0,hap,9,hap
koyama_hap_au_du_1_0,hap,9,hap
iwagami_hap_au_du_2_0,hap,9,hap
henmi_hap_au_du_1_0,hap,9,hap
kikuguti_hap_au_du_4_0,hap,9,hap
sirakura_hap_au_du_2_0,hap,9,hap
nakatakuma_hap_au_du_1_0,hap,9,hap
nishio_sad_au_1_0,sad,9,sad
ota_sad_au_mouth_1_0,sad,9,sad
koyama_sad_au_mouth_1_0,sad,9,sad
iwagami_sad_au_mouth_3_0,sad,9,sad
henmi_sad_au_mouth_3_0,sad,9,sad
kikuguti_sad_au_1_0,sad,9,sad
sirakura_sad_au_mouth_1_0_130,sad,9,sad
nakatakuma_sad_au_2_0,sad,9,sad
nishio_sur_au_mouth_2_0,sur,9,sur
ota_sur_fr_1_0,sur,9,sur
koyama_sur_fr_2_0,sur,9,sur
iwagami_sur_au_mouth_2_0,sur,9,sur
henmi_sur_au_mouth_2_0,sur,9,sur
kikuguti_sur_fr_2_0,sur,9,sur
sirakura_sur_fr_1_0,sur,9,sur
nakatakuma_sur_au_mouth_2_0,sur,9,sur
nishio_ang_au_cl_2_0,ang,10,ang
ota_ang_au_cl_1_0,ang,10,ang
koyama_ang_au_cl_2_0,ang,10,ang
iwagami_ang_au_cl_1_0,ang,10,ang
henmi_ang_au_cl_4_0,ang,10,ang
kikuguti_ang_au_cl_1_0,ang,10,ang
sirakura_ang_au_cl_3_0,ang,10,ang
nakatakuma_ang_au_cl_2_0,ang,10,dis
nishio_dis_au_cl_3_0,dis,10,ang
ota_dis_au_cl_1_0,dis,10,ang
koyama_dis_au_cl_2_0,dis,10,dis
iwagami_dis_au_cl_1_0,dis,10,dis
henmi_dis_au_cl_1_0,dis,10,ang
kikuguti_dis_au_cl_4_0,dis,10,dis
sirakura_dis_au_cl_1_0,dis,10,dis
nakatakuma_dis_au_cl_1_0,dis,10,ang
nishio_fea_au_mouth_2_0,fea,10,dis
ota_fea_fr_2_0,fea,10,ang
koyama_fea_fr_2_0,fea,10,ang
iwagami_fea_au_mouth_1_0,fea,10,sad
henmi_fea_au_mouth_2_0,fea,10,dis
kikuguti_fea_au_mouth_1_0,fea,10,sad
sirakura_fea_fr_2_0,fea,10,fea
nakatakuma_fea_fr_1_0,fea,10,dis
nishio_hap_au_du_1_0,hap,10,hap
ota_hap_au_du_1_0,hap,10,hap
koyama_hap_au_du_1_0,hap,10,hap
iwagami_hap_au_du_2_0,hap,10,hap
henmi_hap_au_du_1_0,hap,10,hap
kikuguti_hap_au_du_4_0,hap,10,hap
sirakura_hap_au_du_2_0,hap,10,hap
nakatakuma_hap_au_du_1_0,hap,10,hap
nishio_sad_au_1_0,sad,10,dis
ota_sad_au_mouth_1_0,sad,10,sad
koyama_sad_au_mouth_1_0,sad,10,sad
iwagami_sad_au_mouth_3_0,sad,10,sad
henmi_sad_au_mouth_3_0,sad,10,sad
kikuguti_sad_au_1_0,sad,10,sad
sirakura_sad_au_mouth_1_0_130,sad,10,sad
nakatakuma_sad_au_2_0,sad,10,dis
nishio_sur_au_mouth_2_0,sur,10,hap
ota_sur_fr_1_0,sur,10,sur
koyama_sur_fr_2_0,sur,10,sur
iwagami_sur_au_mouth_2_0,sur,10,neu
henmi_sur_au_mouth_2_0,sur,10,sur
kikuguti_sur_fr_2_0,sur,10,sur
sirakura_sur_fr_1_0,sur,10,hap
nakatakuma_sur_au_mouth_2_0,sur,10,sur
nishio_ang_au_cl_2_0,ang,11,ang
ota_ang_au_cl_1_0,ang,11,ang
koyama_ang_au_cl_2_0,ang,11,ang
iwagami_ang_au_cl_1_0,ang,11,ang
henmi_ang_au_cl_4_0,ang,11,ang
kikuguti_ang_au_cl_1_0,ang,11,ang
sirakura_ang_au_cl_3_0,ang,11,ang
nakatakuma_ang_au_cl_2_0,ang,11,ang
nishio_dis_au_cl_3_0,dis,11,dis
ota_dis_au_cl_1_0,dis,11,dis
koyama_dis_au_cl_2_0,dis,11,dis
iwagami_dis_au_cl_1_0,dis,11,dis
henmi_dis_au_cl_1_0,dis,11,dis
kikuguti_dis_au_cl_4_0,dis,11,dis
sirakura_dis_au_cl_1_0,dis,11,fea
nakatakuma_dis_au_cl_1_0,dis,11,dis
nishio_fea_au_mouth_2_0,fea,11,fea
ota_fea_fr_2_0,fea,11,fea
koyama_fea_fr_2_0,fea,11,sur
iwagami_fea_au_mouth_1_0,fea,11,dis
henmi_fea_au_mouth_2_0,fea,11,fea
kikuguti_fea_au_mouth_1_0,fea,11,fea
sirakura_fea_fr_2_0,fea,11,sad
nakatakuma_fea_fr_1_0,fea,11,sur
nishio_hap_au_du_1_0,hap,11,hap
ota_hap_au_du_1_0,hap,11,hap
koyama_hap_au_du_1_0,hap,11,hap
iwagami_hap_au_du_2_0,hap,11,hap
henmi_hap_au_du_1_0,hap,11,hap
kikuguti_hap_au_du_4_0,hap,11,hap
sirakura_hap_au_du_2_0,hap,11,hap
nakatakuma_hap_au_du_1_0,hap,11,hap
nishio_sad_au_1_0,sad,11,sad
ota_sad_au_mouth_1_0,sad,11,sad
koyama_sad_au_mouth_1_0,sad,11,sad
iwagami_sad_au_mouth_3_0,sad,11,sad
henmi_sad_au_mouth_3_0,sad,11,sad
kikuguti_sad_au_1_0,sad,11,sad
sirakura_sad_au_mouth_1_0_130,sad,11,sad
nakatakuma_sad_au_2_0,sad,11,sad
nishio_sur_au_mouth_2_0,sur,11,hap
ota_sur_fr_1_0,sur,11,hap
koyama_sur_fr_2_0,sur,11,sur
iwagami_sur_au_mouth_2_0,sur,11,fea
henmi_sur_au_mouth_2_0,sur,11,sur
kikuguti_sur_fr_2_0,sur,11,sur
sirakura_sur_fr_1_0,sur,11,sur
nakatakuma_sur_au_mouth_2_0,sur,11,sur
nishio_ang_au_cl_2_0,ang,12,ang
ota_ang_au_cl_1_0,ang,12,ang
koyama_ang_au_cl_2_0,ang,12,ang
iwagami_ang_au_cl_1_0,ang,12,sad
henmi_ang_au_cl_4_0,ang,12,dis
kikuguti_ang_au_cl_1_0,ang,12,sur
sirakura_ang_au_cl_3_0,ang,12,ang
nakatakuma_ang_au_cl_2_0,ang,12,ang
nishio_dis_au_cl_3_0,dis,12,dis
ota_dis_au_cl_1_0,dis,12,dis
koyama_dis_au_cl_2_0,dis,12,dis
iwagami_dis_au_cl_1_0,dis,12,ang
henmi_dis_au_cl_1_0,dis,12,ang
kikuguti_dis_au_cl_4_0,dis,12,dis
sirakura_dis_au_cl_1_0,dis,12,dis
nakatakuma_dis_au_cl_1_0,dis,12,dis
nishio_fea_au_mouth_2_0,fea,12,sur
ota_fea_fr_2_0,fea,12,fea
koyama_fea_fr_2_0,fea,12,sur
iwagami_fea_au_mouth_1_0,fea,12,sad
henmi_fea_au_mouth_2_0,fea,12,fea
kikuguti_fea_au_mouth_1_0,fea,12,fea
sirakura_fea_fr_2_0,fea,12,sur
nakatakuma_fea_fr_1_0,fea,12,fea
nishio_hap_au_du_1_0,hap,12,hap
ota_hap_au_du_1_0,hap,12,hap
koyama_hap_au_du_1_0,hap,12,hap
iwagami_hap_au_du_2_0,hap,12,hap
henmi_hap_au_du_1_0,hap,12,hap
kikuguti_hap_au_du_4_0,hap,12,hap
sirakura_hap_au_du_2_0,hap,12,hap
nakatakuma_hap_au_du_1_0,hap,12,hap
nishio_sad_au_1_0,sad,12,sad
ota_sad_au_mouth_1_0,sad,12,sad
koyama_sad_au_mouth_1_0,sad,12,sad
iwagami_sad_au_mouth_3_0,sad,12,sad
henmi_sad_au_mouth_3_0,sad,12,sad
kikuguti_sad_au_1_0,sad,12,sad
sirakura_sad_au_mouth_1_0_130,sad,12,sad
nakatakuma_sad_au_2_0,sad,12,sad
nishio_sur_au_mouth_2_0,sur,12,sur
ota_sur_fr_1_0,sur,12,sur
koyama_sur_fr_2_0,sur,12,sur
iwagami_sur_au_mouth_2_0,sur,12,sur
henmi_sur_au_mouth_2_0,sur,12,sur
kikuguti_sur_fr_2_0,sur,12,sur
sirakura_sur_fr_1_0,sur,12,sur
nakatakuma_sur_au_mouth_2_0,sur,12,sur
nishio_ang_au_cl_2_0,ang,13,ang
ota_ang_au_cl_1_0,ang,13,ang
koyama_ang_au_cl_2_0,ang,13,ang
iwagami_ang_au_cl_1_0,ang,13,ang
henmi_ang_au_cl_4_0,ang,13,ang
kikuguti_ang_au_cl_1_0,ang,13,ang
sirakura_ang_au_cl_3_0,ang,13,ang
nakatakuma_ang_au_cl_2_0,ang,13,ang
nishio_dis_au_cl_3_0,dis,13,dis
ota_dis_au_cl_1_0,dis,13,dis
koyama_dis_au_cl_2_0,dis,13,dis
iwagami_dis_au_cl_1_0,dis,13,dis
henmi_dis_au_cl_1_0,dis,13,dis
kikuguti_dis_au_cl_4_0,dis,13,dis
sirakura_dis_au_cl_1_0,dis,13,dis
nakatakuma_dis_au_cl_1_0,dis,13,dis
nishio_fea_au_mouth_2_0,fea,13,fea
ota_fea_fr_2_0,fea,13,fea
koyama_fea_fr_2_0,fea,13,fea
iwagami_fea_au_mouth_1_0,fea,13,fea
henmi_fea_au_mouth_2_0,fea,13,fea
kikuguti_fea_au_mouth_1_0,fea,13,sad
sirakura_fea_fr_2_0,fea,13,fea
nakatakuma_fea_fr_1_0,fea,13,fea
nishio_hap_au_du_1_0,hap,13,hap
ota_hap_au_du_1_0,hap,13,hap
koyama_hap_au_du_1_0,hap,13,hap
iwagami_hap_au_du_2_0,hap,13,hap
henmi_hap_au_du_1_0,hap,13,hap
kikuguti_hap_au_du_4_0,hap,13,hap
sirakura_hap_au_du_2_0,hap,13,hap
nakatakuma_hap_au_du_1_0,hap,13,hap
nishio_sad_au_1_0,sad,13,sad
ota_sad_au_mouth_1_0,sad,13,sad
koyama_sad_au_mouth_1_0,sad,13,sad
iwagami_sad_au_mouth_3_0,sad,13,sad
henmi_sad_au_mouth_3_0,sad,13,sad
kikuguti_sad_au_1_0,sad,13,sad
sirakura_sad_au_mouth_1_0_130,sad,13,sad
nakatakuma_sad_au_2_0,sad,13,sad
nishio_sur_au_mouth_2_0,sur,13,fea
ota_sur_fr_1_0,sur,13,sur
koyama_sur_fr_2_0,sur,13,sur
iwagami_sur_au_mouth_2_0,sur,13,sur
henmi_sur_au_mouth_2_0,sur,13,sur
kikuguti_sur_fr_2_0,sur,13,sur
sirakura_sur_fr_1_0,sur,13,sur
nakatakuma_sur_au_mouth_2_0,sur,13,sur
nishio_ang_au_cl_2_0,ang,14,ang
ota_ang_au_cl_1_0,ang,14,ang
koyama_ang_au_cl_2_0,ang,14,ang
iwagami_ang_au_cl_1_0,ang,14,sad
henmi_ang_au_cl_4_0,ang,14,ang
kikuguti_ang_au_cl_1_0,ang,14,ang
sirakura_ang_au_cl_3_0,ang,14,ang
nakatakuma_ang_au_cl_2_0,ang,14,ang
nishio_dis_au_cl_3_0,dis,14,dis
ota_dis_au_cl_1_0,dis,14,dis
koyama_dis_au_cl_2_0,dis,14,dis
iwagami_dis_au_cl_1_0,dis,14,dis
henmi_dis_au_cl_1_0,dis,14,ang
kikuguti_dis_au_cl_4_0,dis,14,dis
sirakura_dis_au_cl_1_0,dis,14,sad
nakatakuma_dis_au_cl_1_0,dis,14,dis
nishio_fea_au_mouth_2_0,fea,14,sur
ota_fea_fr_2_0,fea,14,sur
koyama_fea_fr_2_0,fea,14,fea
iwagami_fea_au_mouth_1_0,fea,14,fea
henmi_fea_au_mouth_2_0,fea,14,fea
kikuguti_fea_au_mouth_1_0,fea,14,sad
sirakura_fea_fr_2_0,fea,14,sur
nakatakuma_fea_fr_1_0,fea,14,fea
nishio_hap_au_du_1_0,hap,14,hap
ota_hap_au_du_1_0,hap,14,hap
koyama_hap_au_du_1_0,hap,14,hap
iwagami_hap_au_du_2_0,hap,14,hap
henmi_hap_au_du_1_0,hap,14,hap
kikuguti_hap_au_du_4_0,hap,14,hap
sirakura_hap_au_du_2_0,hap,14,hap
nakatakuma_hap_au_du_1_0,hap,14,hap
nishio_sad_au_1_0,sad,14,sad
ota_sad_au_mouth_1_0,sad,14,sad
koyama_sad_au_mouth_1_0,sad,14,sad
iwagami_sad_au_mouth_3_0,sad,14,sad
henmi_sad_au_mouth_3_0,sad,14,sad
kikuguti_sad_au_1_0,sad,14,sad
sirakura_sad_au_mouth_1_0_130,sad,14,sad
nakatakuma_sad_au_2_0,sad,14,ang
nishio_sur_au_mouth_2_0,sur,14,sur
ota_sur_fr_1_0,sur,14,sur
koyama_sur_fr_2_0,sur,14,sur
iwagami_sur_au_mouth_2_0,sur,14,sur
henmi_sur_au_mouth_2_0,sur,14,sur
kikuguti_sur_fr_2_0,sur,14,sur
sirakura_sur_fr_1_0,sur,14,sur
nakatakuma_sur_au_mouth_2_0,sur,14,sur
nishio_ang_au_cl_2_0,ang,15,ang
ota_ang_au_cl_1_0,ang,15,ang
koyama_ang_au_cl_2_0,ang,15,ang
iwagami_ang_au_cl_1_0,ang,15,ang
henmi_ang_au_cl_4_0,ang,15,ang
kikuguti_ang_au_cl_1_0,ang,15,ang
sirakura_ang_au_cl_3_0,ang,15,ang
nakatakuma_ang_au_cl_2_0,ang,15,ang
nishio_dis_au_cl_3_0,dis,15,ang
ota_dis_au_cl_1_0,dis,15,dis
koyama_dis_au_cl_2_0,dis,15,dis
iwagami_dis_au_cl_1_0,dis,15,dis
henmi_dis_au_cl_1_0,dis,15,dis
kikuguti_dis_au_cl_4_0,dis,15,dis
sirakura_dis_au_cl_1_0,dis,15,dis
nakatakuma_dis_au_cl_1_0,dis,15,dis
nishio_fea_au_mouth_2_0,fea,15,fea
ota_fea_fr_2_0,fea,15,fea
koyama_fea_fr_2_0,fea,15,sur
iwagami_fea_au_mouth_1_0,fea,15,fea
henmi_fea_au_mouth_2_0,fea,15,fea
kikuguti_fea_au_mouth_1_0,fea,15,sad
sirakura_fea_fr_2_0,fea,15,fea
nakatakuma_fea_fr_1_0,fea,15,sur
nishio_hap_au_du_1_0,hap,15,hap
ota_hap_au_du_1_0,hap,15,hap
koyama_hap_au_du_1_0,hap,15,hap
iwagami_hap_au_du_2_0,hap,15,hap
henmi_hap_au_du_1_0,hap,15,hap
kikuguti_hap_au_du_4_0,hap,15,hap
sirakura_hap_au_du_2_0,hap,15,hap
nakatakuma_hap_au_du_1_0,hap,15,hap
nishio_sad_au_1_0,sad,15,sad
ota_sad_au_mouth_1_0,sad,15,sad
koyama_sad_au_mouth_1_0,sad,15,sad
iwagami_sad_au_mouth_3_0,sad,15,sad
henmi_sad_au_mouth_3_0,sad,15,sad
kikuguti_sad_au_1_0,sad,15,sad
sirakura_sad_au_mouth_1_0_130,sad,15,sad
nakatakuma_sad_au_2_0,sad,15,sad
nishio_sur_au_mouth_2_0,sur,15,sur
ota_sur_fr_1_0,sur,15,sur
koyama_sur_fr_2_0,sur,15,sur
iwagami_sur_au_mouth_2_0,sur,15,sur
henmi_sur_au_mouth_2_0,sur,15,sur
kikuguti_sur_fr_2_0,sur,15,sur
sirakura_sur_fr_1_0,sur,15,sur
nakatakuma_sur_au_mouth_2_0,sur,15,sur
nishio_ang_au_cl_2_0,ang,16,ang
ota_ang_au_cl_1_0,ang,16,ang
koyama_ang_au_cl_2_0,ang,16,ang
iwagami_ang_au_cl_1_0,ang,16,dis
henmi_ang_au_cl_4_0,ang,16,dis
kikuguti_ang_au_cl_1_0,ang,16,ang
sirakura_ang_au_cl_3_0,ang,16,ang
nakatakuma_ang_au_cl_2_0,ang,16,ang
nishio_dis_au_cl_3_0,dis,16,ang
ota_dis_au_cl_1_0,dis,16,dis
koyama_dis_au_cl_2_0,dis,16,dis
iwagami_dis_au_cl_1_0,dis,16,dis
henmi_dis_au_cl_1_0,dis,16,dis
kikuguti_dis_au_cl_4_0,dis,16,dis
sirakura_dis_au_cl_1_0,dis,16,sad
nakatakuma_dis_au_cl_1_0,dis,16,dis
nishio_fea_au_mouth_2_0,fea,16,dis
ota_fea_fr_2_0,fea,16,dis
koyama_fea_fr_2_0,fea,16,sur
iwagami_fea_au_mouth_1_0,fea,16,dis
henmi_fea_au_mouth_2_0,fea,16,dis
kikuguti_fea_au_mouth_1_0,fea,16,fea
sirakura_fea_fr_2_0,fea,16,fea
nakatakuma_fea_fr_1_0,fea,16,fea
nishio_hap_au_du_1_0,hap,16,hap
ota_hap_au_du_1_0,hap,16,hap
koyama_hap_au_du_1_0,hap,16,hap
iwagami_hap_au_du_2_0,hap,16,hap
henmi_hap_au_du_1_0,hap,16,hap
kikuguti_hap_au_du_4_0,hap,16,hap
sirakura_hap_au_du_2_0,hap,16,hap
nakatakuma_hap_au_du_1_0,hap,16,hap
nishio_sad_au_1_0,sad,16,sad
ota_sad_au_mouth_1_0,sad,16,sad
koyama_sad_au_mouth_1_0,sad,16,sad
iwagami_sad_au_mouth_3_0,sad,16,sad
henmi_sad_au_mouth_3_0,sad,16,sad
kikuguti_sad_au_1_0,sad,16,sad
sirakura_sad_au_mouth_1_0_130,sad,16,sad
nakatakuma_sad_au_2_0,sad,16,ang
nishio_sur_au_mouth_2_0,sur,16,sur
ota_sur_fr_1_0,sur,16,sur
koyama_sur_fr_2_0,sur,16,sur
iwagami_sur_au_mouth_2_0,sur,16,sur
henmi_sur_au_mouth_2_0,sur,16,sur
kikuguti_sur_fr_2_0,sur,16,sur
sirakura_sur_fr_1_0,sur,16,sur
nakatakuma_sur_au_mouth_2_0,sur,16,sur
nishio_ang_au_cl_2_0,ang,17,ang
ota_ang_au_cl_1_0,ang,17,dis
koyama_ang_au_cl_2_0,ang,17,ang
iwagami_ang_au_cl_1_0,ang,17,ang
henmi_ang_au_cl_4_0,ang,17,ang
kikuguti_ang_au_cl_1_0,ang,17,ang
sirakura_ang_au_cl_3_0,ang,17,ang
nakatakuma_ang_au_cl_2_0,ang,17,ang
nishio_dis_au_cl_3_0,dis,17,dis
ota_dis_au_cl_1_0,dis,17,dis
koyama_dis_au_cl_2_0,dis,17,dis
iwagami_dis_au_cl_1_0,dis,17,dis
henmi_dis_au_cl_1_0,dis,17,dis
kikuguti_dis_au_cl_4_0,dis,17,dis
sirakura_dis_au_cl_1_0,dis,17,sad
nakatakuma_dis_au_cl_1_0,dis,17,neu
nishio_fea_au_mouth_2_0,fea,17,fea
ota_fea_fr_2_0,fea,17,fea
koyama_fea_fr_2_0,fea,17,sur
iwagami_fea_au_mouth_1_0,fea,17,fea
henmi_fea_au_mouth_2_0,fea,17,fea
kikuguti_fea_au_mouth_1_0,fea,17,sad
sirakura_fea_fr_2_0,fea,17,sur
nakatakuma_fea_fr_1_0,fea,17,sur
nishio_hap_au_du_1_0,hap,17,hap
ota_hap_au_du_1_0,hap,17,neu
koyama_hap_au_du_1_0,hap,17,hap
iwagami_hap_au_du_2_0,hap,17,hap
henmi_hap_au_du_1_0,hap,17,hap
kikuguti_hap_au_du_4_0,hap,17,hap
sirakura_hap_au_du_2_0,hap,17,ang
nakatakuma_hap_au_du_1_0,hap,17,hap
nishio_sad_au_1_0,sad,17,sad
ota_sad_au_mouth_1_0,sad,17,sad
koyama_sad_au_mouth_1_0,sad,17,sad
iwagami_sad_au_mouth_3_0,sad,17,sad
henmi_sad_au_mouth_3_0,sad,17,sad
kikuguti_sad_au_1_0,sad,17,sad
sirakura_sad_au_mouth_1_0_130,sad,17,sad
nakatakuma_sad_au_2_0,sad,17,sad
nishio_sur_au_mouth_2_0,sur,17,sur
ota_sur_fr_1_0,sur,17,sur
koyama_sur_fr_2_0,sur,17,sur
iwagami_sur_au_mouth_2_0,sur,17,sur
henmi_sur_au_mouth_2_0,sur,17,sur
kikuguti_sur_fr_2_0,sur,17,sur
sirakura_sur_fr_1_0,sur,17,sur
nakatakuma_sur_au_mouth_2_0,sur,17,sur
nishio_ang_au_cl_2_0,ang,18,ang
ota_ang_au_cl_1_0,ang,18,ang
koyama_ang_au_cl_2_0,ang,18,ang
iwagami_ang_au_cl_1_0,ang,18,sad
henmi_ang_au_cl_4_0,ang,18,ang
kikuguti_ang_au_cl_1_0,ang,18,ang
sirakura_ang_au_cl_3_0,ang,18,ang
nakatakuma_ang_au_cl_2_0,ang,18,ang
nishio_dis_au_cl_3_0,dis,18,ang
ota_dis_au_cl_1_0,dis,18,ang
koyama_dis_au_cl_2_0,dis,18,sad
iwagami_dis_au_cl_1_0,dis,18,dis
henmi_dis_au_cl_1_0,dis,18,sad
kikuguti_dis_au_cl_4_0,dis,18,sad
sirakura_dis_au_cl_1_0,dis,18,sad
nakatakuma_dis_au_cl_1_0,dis,18,dis
nishio_fea_au_mouth_2_0,fea,18,sur
ota_fea_fr_2_0,fea,18,sur
koyama_fea_fr_2_0,fea,18,sur
iwagami_fea_au_mouth_1_0,fea,18,sur
henmi_fea_au_mouth_2_0,fea,18,ang
kikuguti_fea_au_mouth_1_0,fea,18,sad
sirakura_fea_fr_2_0,fea,18,sur
nakatakuma_fea_fr_1_0,fea,18,ang
nishio_hap_au_du_1_0,hap,18,hap
ota_hap_au_du_1_0,hap,18,hap
koyama_hap_au_du_1_0,hap,18,hap
iwagami_hap_au_du_2_0,hap,18,hap
henmi_hap_au_du_1_0,hap,18,hap
kikuguti_hap_au_du_4_0,hap,18,hap
sirakura_hap_au_du_2_0,hap,18,hap
nakatakuma_hap_au_du_1_0,hap,18,hap
nishio_sad_au_1_0,sad,18,sad
ota_sad_au_mouth_1_0,sad,18,sad
koyama_sad_au_mouth_1_0,sad,18,sad
iwagami_sad_au_mouth_3_0,sad,18,sad
henmi_sad_au_mouth_3_0,sad,18,sad
kikuguti_sad_au_1_0,sad,18,sad
sirakura_sad_au_mouth_1_0_130,sad,18,sad
nakatakuma_sad_au_2_0,sad,18,sad
nishio_sur_au_mouth_2_0,sur,18,sur
ota_sur_fr_1_0,sur,18,sur
koyama_sur_fr_2_0,sur,18,sur
iwagami_sur_au_mouth_2_0,sur,18,sur
henmi_sur_au_mouth_2_0,sur,18,sur
kikuguti_sur_fr_2_0,sur,18,sur
sirakura_sur_fr_1_0,sur,18,sur
nakatakuma_sur_au_mouth_2_0,sur,18,sur
nishio_ang_au_cl_2_0,ang,19,ang
ota_ang_au_cl_1_0,ang,19,ang
koyama_ang_au_cl_2_0,ang,19,ang
iwagami_ang_au_cl_1_0,ang,19,ang
henmi_ang_au_cl_4_0,ang,19,ang
kikuguti_ang_au_cl_1_0,ang,19,ang
sirakura_ang_au_cl_3_0,ang,19,ang
nakatakuma_ang_au_cl_2_0,ang,19,ang
nishio_dis_au_cl_3_0,dis,19,ang
ota_dis_au_cl_1_0,dis,19,dis
koyama_dis_au_cl_2_0,dis,19,dis
iwagami_dis_au_cl_1_0,dis,19,dis
henmi_dis_au_cl_1_0,dis,19,dis
kikuguti_dis_au_cl_4_0,dis,19,dis
sirakura_dis_au_cl_1_0,dis,19,dis
nakatakuma_dis_au_cl_1_0,dis,19,ang
nishio_fea_au_mouth_2_0,fea,19,fea
ota_fea_fr_2_0,fea,19,fea
koyama_fea_fr_2_0,fea,19,fea
iwagami_fea_au_mouth_1_0,fea,19,fea
henmi_fea_au_mouth_2_0,fea,19,dis
kikuguti_fea_au_mouth_1_0,fea,19,sad
sirakura_fea_fr_2_0,fea,19,fea
nakatakuma_fea_fr_1_0,fea,19,sur
nishio_hap_au_du_1_0,hap,19,hap
ota_hap_au_du_1_0,hap,19,hap
koyama_hap_au_du_1_0,hap,19,hap
iwagami_hap_au_du_2_0,hap,19,hap
henmi_hap_au_du_1_0,hap,19,hap
kikuguti_hap_au_du_4_0,hap,19,hap
sirakura_hap_au_du_2_0,hap,19,hap
nakatakuma_hap_au_du_1_0,hap,19,hap
nishio_sad_au_1_0,sad,19,sad
ota_sad_au_mouth_1_0,sad,19,sad
koyama_sad_au_mouth_1_0,sad,19,sad
iwagami_sad_au_mouth_3_0,sad,19,sad
henmi_sad_au_mouth_3_0,sad,19,sad
kikuguti_sad_au_1_0,sad,19,sad
sirakura_sad_au_mouth_1_0_130,sad,19,sad
nakatakuma_sad_au_2_0,sad,19,sad
nishio_sur_au_mouth_2_0,sur,19,sur
ota_sur_fr_1_0,sur,19,sur
koyama_sur_fr_2_0,sur,19,sur
iwagami_sur_au_mouth_2_0,sur,19,sur
henmi_sur_au_mouth_2_0,sur,19,sur
kikuguti_sur_fr_2_0,sur,19,sur
sirakura_sur_fr_1_0,sur,19,sur
nakatakuma_sur_au_mouth_2_0,sur,19,sur
nishio_ang_au_cl_2_0,ang,20,ang
ota_ang_au_cl_1_0,ang,20,dis
koyama_ang_au_cl_2_0,ang,20,dis
iwagami_ang_au_cl_1_0,ang,20,dis
henmi_ang_au_cl_4_0,ang,20,ang
kikuguti_ang_au_cl_1_0,ang,20,ang
sirakura_ang_au_cl_3_0,ang,20,ang
nakatakuma_ang_au_cl_2_0,ang,20,ang
nishio_dis_au_cl_3_0,dis,20,dis
ota_dis_au_cl_1_0,dis,20,dis
koyama_dis_au_cl_2_0,dis,20,dis
iwagami_dis_au_cl_1_0,dis,20,dis
henmi_dis_au_cl_1_0,dis,20,dis
kikuguti_dis_au_cl_4_0,dis,20,dis
sirakura_dis_au_cl_1_0,dis,20,sad
nakatakuma_dis_au_cl_1_0,dis,20,dis
nishio_fea_au_mouth_2_0,fea,20,sur
ota_fea_fr_2_0,fea,20,sur
koyama_fea_fr_2_0,fea,20,sur
iwagami_fea_au_mouth_1_0,fea,20,fea
henmi_fea_au_mouth_2_0,fea,20,fea
kikuguti_fea_au_mouth_1_0,fea,20,sad
sirakura_fea_fr_2_0,fea,20,fea
nakatakuma_fea_fr_1_0,fea,20,fea
nishio_hap_au_du_1_0,hap,20,hap
ota_hap_au_du_1_0,hap,20,hap
koyama_hap_au_du_1_0,hap,20,hap
iwagami_hap_au_du_2_0,hap,20,sur
henmi_hap_au_du_1_0,hap,20,hap
kikuguti_hap_au_du_4_0,hap,20,hap
sirakura_hap_au_du_2_0,hap,20,hap
nakatakuma_hap_au_du_1_0,hap,20,hap
nishio_sad_au_1_0,sad,20,sad
ota_sad_au_mouth_1_0,sad,20,sad
koyama_sad_au_mouth_1_0,sad,20,dis
iwagami_sad_au_mouth_3_0,sad,20,sad
henmi_sad_au_mouth_3_0,sad,20,dis
kikuguti_sad_au_1_0,sad,20,sad
sirakura_sad_au_mouth_1_0_130,sad,20,sad
nakatakuma_sad_au_2_0,sad,20,sad
nishio_sur_au_mouth_2_0,sur,20,sur
ota_sur_fr_1_0,sur,20,sur
koyama_sur_fr_2_0,sur,20,sur
iwagami_sur_au_mouth_2_0,sur,20,sur
henmi_sur_au_mouth_2_0,sur,20,sur
kikuguti_sur_fr_2_0,sur,20,sur
sirakura_sur_fr_1_0,sur,20,hap
nakatakuma_sur_au_mouth_2_0,sur,20,sur
nishio_ang_au_cl_2_0,ang,21,ang
ota_ang_au_cl_1_0,ang,21,ang
koyama_ang_au_cl_2_0,ang,21,ang
iwagami_ang_au_cl_1_0,ang,21,ang
henmi_ang_au_cl_4_0,ang,21,ang
kikuguti_ang_au_cl_1_0,ang,21,ang
sirakura_ang_au_cl_3_0,ang,21,ang
nakatakuma_ang_au_cl_2_0,ang,21,ang
nishio_dis_au_cl_3_0,dis,21,sad
ota_dis_au_cl_1_0,dis,21,dis
koyama_dis_au_cl_2_0,dis,21,dis
iwagami_dis_au_cl_1_0,dis,21,dis
henmi_dis_au_cl_1_0,dis,21,dis
kikuguti_dis_au_cl_4_0,dis,21,dis
sirakura_dis_au_cl_1_0,dis,21,sad
nakatakuma_dis_au_cl_1_0,dis,21,dis
nishio_fea_au_mouth_2_0,fea,21,sad
ota_fea_fr_2_0,fea,21,fea
koyama_fea_fr_2_0,fea,21,sur
iwagami_fea_au_mouth_1_0,fea,21,fea
henmi_fea_au_mouth_2_0,fea,21,fea
kikuguti_fea_au_mouth_1_0,fea,21,sur
sirakura_fea_fr_2_0,fea,21,fea
nakatakuma_fea_fr_1_0,fea,21,fea
nishio_hap_au_du_1_0,hap,21,hap
ota_hap_au_du_1_0,hap,21,hap
koyama_hap_au_du_1_0,hap,21,hap
iwagami_hap_au_du_2_0,hap,21,hap
henmi_hap_au_du_1_0,hap,21,hap
kikuguti_hap_au_du_4_0,hap,21,hap
sirakura_hap_au_du_2_0,hap,21,hap
nakatakuma_hap_au_du_1_0,hap,21,hap
nishio_sad_au_1_0,sad,21,sad
ota_sad_au_mouth_1_0,sad,21,sad
koyama_sad_au_mouth_1_0,sad,21,sad
iwagami_sad_au_mouth_3_0,sad,21,sad
henmi_sad_au_mouth_3_0,sad,21,sad
kikuguti_sad_au_1_0,sad,21,sad
sirakura_sad_au_mouth_1_0_130,sad,21,sad
nakatakuma_sad_au_2_0,sad,21,sad
nishio_sur_au_mouth_2_0,sur,21,hap
ota_sur_fr_1_0,sur,21,sur
koyama_sur_fr_2_0,sur,21,hap
iwagami_sur_au_mouth_2_0,sur,21,sur
henmi_sur_au_mouth_2_0,sur,21,sur
kikuguti_sur_fr_2_0,sur,21,sur
sirakura_sur_fr_1_0,sur,21,sur
nakatakuma_sur_au_mouth_2_0,sur,21,sur
nishio_ang_au_cl_2_0,ang,22,dis
ota_ang_au_cl_1_0,ang,22,ang
koyama_ang_au_cl_2_0,ang,22,ang
iwagami_ang_au_cl_1_0,ang,22,ang
henmi_ang_au_cl_4_0,ang,22,ang
kikuguti_ang_au_cl_1_0,ang,22,ang
sirakura_ang_au_cl_3_0,ang,22,dis
nakatakuma_ang_au_cl_2_0,ang,22,dis
nishio_dis_au_cl_3_0,dis,22,dis
ota_dis_au_cl_1_0,dis,22,dis
koyama_dis_au_cl_2_0,dis,22,dis
iwagami_dis_au_cl_1_0,dis,22,dis
henmi_dis_au_cl_1_0,dis,22,dis
kikuguti_dis_au_cl_4_0,dis,22,dis
sirakura_dis_au_cl_1_0,dis,22,dis
nakatakuma_dis_au_cl_1_0,dis,22,dis
nishio_fea_au_mouth_2_0,fea,22,fea
ota_fea_fr_2_0,fea,22,fea
koyama_fea_fr_2_0,fea,22,fea
iwagami_fea_au_mouth_1_0,fea,22,fea
henmi_fea_au_mouth_2_0,fea,22,fea
kikuguti_fea_au_mouth_1_0,fea,22,fea
sirakura_fea_fr_2_0,fea,22,fea
nakatakuma_fea_fr_1_0,fea,22,fea
nishio_hap_au_du_1_0,hap,22,hap
ota_hap_au_du_1_0,hap,22,hap
koyama_hap_au_du_1_0,hap,22,hap
iwagami_hap_au_du_2_0,hap,22,hap
henmi_hap_au_du_1_0,hap,22,hap
kikuguti_hap_au_du_4_0,hap,22,hap
sirakura_hap_au_du_2_0,hap,22,hap
nakatakuma_hap_au_du_1_0,hap,22,hap
nishio_sad_au_1_0,sad,22,dis
ota_sad_au_mouth_1_0,sad,22,dis
koyama_sad_au_mouth_1_0,sad,22,sad
iwagami_sad_au_mouth_3_0,sad,22,sad
henmi_sad_au_mouth_3_0,sad,22,sad
kikuguti_sad_au_1_0,sad,22,sad
sirakura_sad_au_mouth_1_0_130,sad,22,sad
nakatakuma_sad_au_2_0,sad,22,sad
nishio_sur_au_mouth_2_0,sur,22,sur
ota_sur_fr_1_0,sur,22,sur
koyama_sur_fr_2_0,sur,22,sur
iwagami_sur_au_mouth_2_0,sur,22,sur
henmi_sur_au_mouth_2_0,sur,22,sur
kikuguti_sur_fr_2_0,sur,22,sur
sirakura_sur_fr_1_0,sur,22,sur
nakatakuma_sur_au_mouth_2_0,sur,22,sur
nishio_ang_au_cl_2_0,ang,23,ang
ota_ang_au_cl_1_0,ang,23,ang
koyama_ang_au_cl_2_0,ang,23,ang
iwagami_ang_au_cl_1_0,ang,23,dis
henmi_ang_au_cl_4_0,ang,23,ang
kikuguti_ang_au_cl_1_0,ang,23,ang
sirakura_ang_au_cl_3_0,ang,23,ang
nakatakuma_ang_au_cl_2_0,ang,23,ang
nishio_dis_au_cl_3_0,dis,23,ang
ota_dis_au_cl_1_0,dis,23,dis
koyama_dis_au_cl_2_0,dis,23,dis
iwagami_dis_au_cl_1_0,dis,23,ang
henmi_dis_au_cl_1_0,dis,23,dis
kikuguti_dis_au_cl_4_0,dis,23,dis
sirakura_dis_au_cl_1_0,dis,23,dis
nakatakuma_dis_au_cl_1_0,dis,23,dis
nishio_fea_au_mouth_2_0,fea,23,fea
ota_fea_fr_2_0,fea,23,sur
koyama_fea_fr_2_0,fea,23,sur
iwagami_fea_au_mouth_1_0,fea,23,sur
henmi_fea_au_mouth_2_0,fea,23,fea
kikuguti_fea_au_mouth_1_0,fea,23,fea
sirakura_fea_fr_2_0,fea,23,sur
nakatakuma_fea_fr_1_0,fea,23,sur
nishio_hap_au_du_1_0,hap,23,hap
ota_hap_au_du_1_0,hap,23,hap
koyama_hap_au_du_1_0,hap,23,hap
iwagami_hap_au_du_2_0,hap,23,hap
henmi_hap_au_du_1_0,hap,23,hap
kikuguti_hap_au_du_4_0,hap,23,hap
sirakura_hap_au_du_2_0,hap,23,hap
nakatakuma_hap_au_du_1_0,hap,23,hap
nishio_sad_au_1_0,sad,23,sad
ota_sad_au_mouth_1_0,sad,23,sad
koyama_sad_au_mouth_1_0,sad,23,dis
iwagami_sad_au_mouth_3_0,sad,23,sad
henmi_sad_au_mouth_3_0,sad,23,sad
kikuguti_sad_au_1_0,sad,23,sad
sirakura_sad_au_mouth_1_0_130,sad,23,sad
nakatakuma_sad_au_2_0,sad,23,sad
nishio_sur_au_mouth_2_0,sur,23,sur
ota_sur_fr_1_0,sur,23,sur
koyama_sur_fr_2_0,sur,23,sur
iwagami_sur_au_mouth_2_0,sur,23,sur
henmi_sur_au_mouth_2_0,sur,23,sur
kikuguti_sur_fr_2_0,sur,23,sur
sirakura_sur_fr_1_0,sur,23,sur
nakatakuma_sur_au_mouth_2_0,sur,23,fea
nishio_ang_au_cl_2_0,ang,24,ang
ota_ang_au_cl_1_0,ang,24,ang
koyama_ang_au_cl_2_0,ang,24,ang
iwagami_ang_au_cl_1_0,ang,24,ang
henmi_ang_au_cl_4_0,ang,24,ang
kikuguti_ang_au_cl_1_0,ang,24,ang
sirakura_ang_au_cl_3_0,ang,24,ang
nakatakuma_ang_au_cl_2_0,ang,24,ang
nishio_dis_au_cl_3_0,dis,24,dis
ota_dis_au_cl_1_0,dis,24,dis
koyama_dis_au_cl_2_0,dis,24,fea
iwagami_dis_au_cl_1_0,dis,24,dis
henmi_dis_au_cl_1_0,dis,24,dis
kikuguti_dis_au_cl_4_0,dis,24,dis
sirakura_dis_au_cl_1_0,dis,24,dis
nakatakuma_dis_au_cl_1_0,dis,24,dis
nishio_fea_au_mouth_2_0,fea,24,fea
ota_fea_fr_2_0,fea,24,fea
koyama_fea_fr_2_0,fea,24,sur
iwagami_fea_au_mouth_1_0,fea,24,dis
henmi_fea_au_mouth_2_0,fea,24,fea
kikuguti_fea_au_mouth_1_0,fea,24,fea
sirakura_fea_fr_2_0,fea,24,sur
nakatakuma_fea_fr_1_0,fea,24,sur
nishio_hap_au_du_1_0,hap,24,hap
ota_hap_au_du_1_0,hap,24,hap
koyama_hap_au_du_1_0,hap,24,hap
iwagami_hap_au_du_2_0,hap,24,hap
henmi_hap_au_du_1_0,hap,24,hap
kikuguti_hap_au_du_4_0,hap,24,hap
sirakura_hap_au_du_2_0,hap,24,hap
nakatakuma_hap_au_du_1_0,hap,24,hap
nishio_sad_au_1_0,sad,24,sad
ota_sad_au_mouth_1_0,sad,24,sad
koyama_sad_au_mouth_1_0,sad,24,sad
iwagami_sad_au_mouth_3_0,sad,24,sad
henmi_sad_au_mouth_3_0,sad,24,sad
kikuguti_sad_au_1_0,sad,24,dis
sirakura_sad_au_mouth_1_0_130,sad,24,sad
nakatakuma_sad_au_2_0,sad,24,sad
nishio_sur_au_mouth_2_0,sur,24,sur
ota_sur_fr_1_0,sur,24,sur
koyama_sur_fr_2_0,sur,24,sur
iwagami_sur_au_mouth_2_0,sur,24,sur
henmi_sur_au_mouth_2_0,sur,24,sur
kikuguti_sur_fr_2_0,sur,24,sur
sirakura_sur_fr_1_0,sur,24,sur
nakatakuma_sur_au_mouth_2_0,sur,24,sur
nishio_ang_au_cl_2_0,ang,25,ang
ota_ang_au_cl_1_0,ang,25,ang
koyama_ang_au_cl_2_0,ang,25,ang
iwagami_ang_au_cl_1_0,ang,25,ang
henmi_ang_au_cl_4_0,ang,25,ang
kikuguti_ang_au_cl_1_0,ang,25,ang
sirakura_ang_au_cl_3_0,ang,25,fea
nakatakuma_ang_au_cl_2_0,ang,25,ang
nishio_dis_au_cl_3_0,dis,25,ang
ota_dis_au_cl_1_0,dis,25,dis
koyama_dis_au_cl_2_0,dis,25,dis
iwagami_dis_au_cl_1_0,dis,25,ang
henmi_dis_au_cl_1_0,dis,25,sad
kikuguti_dis_au_cl_4_0,dis,25,dis
sirakura_dis_au_cl_1_0,dis,25,dis
nakatakuma_dis_au_cl_1_0,dis,25,dis
nishio_fea_au_mouth_2_0,fea,25,fea
ota_fea_fr_2_0,fea,25,fea
koyama_fea_fr_2_0,fea,25,fea
iwagami_fea_au_mouth_1_0,fea,25,fea
henmi_fea_au_mouth_2_0,fea,25,fea
kikuguti_fea_au_mouth_1_0,fea,25,sad
sirakura_fea_fr_2_0,fea,25,fea
nakatakuma_fea_fr_1_0,fea,25,fea
nishio_hap_au_du_1_0,hap,25,hap
ota_hap_au_du_1_0,hap,25,hap
koyama_hap_au_du_1_0,hap,25,hap
iwagami_hap_au_du_2_0,hap,25,hap
henmi_hap_au_du_1_0,hap,25,hap
kikuguti_hap_au_du_4_0,hap,25,hap
sirakura_hap_au_du_2_0,hap,25,hap
nakatakuma_hap_au_du_1_0,hap,25,hap
nishio_sad_au_1_0,sad,25,sad
ota_sad_au_mouth_1_0,sad,25,sad
koyama_sad_au_mouth_1_0,sad,25,sad
iwagami_sad_au_mouth_3_0,sad,25,sad
henmi_sad_au_mouth_3_0,sad,25,sad
kikuguti_sad_au_1_0,sad,25,sad
sirakura_sad_au_mouth_1_0_130,sad,25,sad
nakatakuma_sad_au_2_0,sad,25,dis
nishio_sur_au_mouth_2_0,sur,25,sur
ota_sur_fr_1_0,sur,25,sur
koyama_sur_fr_2_0,sur,25,sur
iwagami_sur_au_mouth_2_0,sur,25,sur
henmi_sur_au_mouth_2_0,sur,25,sur
kikuguti_sur_fr_2_0,sur,25,sur
sirakura_sur_fr_1_0,sur,25,sur
nakatakuma_sur_au_mouth_2_0,sur,25,sur
nishio_ang_au_cl_2_0,ang,26,ang
ota_ang_au_cl_1_0,ang,26,ang
koyama_ang_au_cl_2_0,ang,26,ang
iwagami_ang_au_cl_1_0,ang,26,ang
henmi_ang_au_cl_4_0,ang,26,ang
kikuguti_ang_au_cl_1_0,ang,26,ang
sirakura_ang_au_cl_3_0,ang,26,ang
nakatakuma_ang_au_cl_2_0,ang,26,ang
nishio_dis_au_cl_3_0,dis,26,dis
ota_dis_au_cl_1_0,dis,26,dis
koyama_dis_au_cl_2_0,dis,26,sad
iwagami_dis_au_cl_1_0,dis,26,dis
henmi_dis_au_cl_1_0,dis,26,sad
kikuguti_dis_au_cl_4_0,dis,26,dis
sirakura_dis_au_cl_1_0,dis,26,sad
nakatakuma_dis_au_cl_1_0,dis,26,dis
nishio_fea_au_mouth_2_0,fea,26,fea
ota_fea_fr_2_0,fea,26,fea
koyama_fea_fr_2_0,fea,26,fea
iwagami_fea_au_mouth_1_0,fea,26,fea
henmi_fea_au_mouth_2_0,fea,26,sad
kikuguti_fea_au_mouth_1_0,fea,26,sad
sirakura_fea_fr_2_0,fea,26,fea
nakatakuma_fea_fr_1_0,fea,26,sur
nishio_hap_au_du_1_0,hap,26,hap
ota_hap_au_du_1_0,hap,26,hap
koyama_hap_au_du_1_0,hap,26,hap
iwagami_hap_au_du_2_0,hap,26,hap
henmi_hap_au_du_1_0,hap,26,hap
kikuguti_hap_au_du_4_0,hap,26,hap
sirakura_hap_au_du_2_0,hap,26,hap
nakatakuma_hap_au_du_1_0,hap,26,hap
nishio_sad_au_1_0,sad,26,sad
ota_sad_au_mouth_1_0,sad,26,sad
koyama_sad_au_mouth_1_0,sad,26,sad
iwagami_sad_au_mouth_3_0,sad,26,sad
henmi_sad_au_mouth_3_0,sad,26,sad
kikuguti_sad_au_1_0,sad,26,sad
sirakura_sad_au_mouth_1_0_130,sad,26,sad
nakatakuma_sad_au_2_0,sad,26,sad
nishio_sur_au_mouth_2_0,sur,26,sur
ota_sur_fr_1_0,sur,26,sur
koyama_sur_fr_2_0,sur,26,sur
iwagami_sur_au_mouth_2_0,sur,26,sur
henmi_sur_au_mouth_2_0,sur,26,sur
kikuguti_sur_fr_2_0,sur,26,sur
sirakura_sur_fr_1_0,sur,26,fea
nakatakuma_sur_au_mouth_2_0,sur,26,sur
nishio_ang_au_cl_2_0,ang,27,ang
ota_ang_au_cl_1_0,ang,27,ang
koyama_ang_au_cl_2_0,ang,27,ang
iwagami_ang_au_cl_1_0,ang,27,ang
henmi_ang_au_cl_4_0,ang,27,ang
kikuguti_ang_au_cl_1_0,ang,27,ang
sirakura_ang_au_cl_3_0,ang,27,ang
nakatakuma_ang_au_cl_2_0,ang,27,ang
nishio_dis_au_cl_3_0,dis,27,dis
ota_dis_au_cl_1_0,dis,27,dis
koyama_dis_au_cl_2_0,dis,27,dis
iwagami_dis_au_cl_1_0,dis,27,dis
henmi_dis_au_cl_1_0,dis,27,dis
kikuguti_dis_au_cl_4_0,dis,27,dis
sirakura_dis_au_cl_1_0,dis,27,sad
nakatakuma_dis_au_cl_1_0,dis,27,dis
nishio_fea_au_mouth_2_0,fea,27,fea
ota_fea_fr_2_0,fea,27,fea
koyama_fea_fr_2_0,fea,27,sur
iwagami_fea_au_mouth_1_0,fea,27,fea
henmi_fea_au_mouth_2_0,fea,27,fea
kikuguti_fea_au_mouth_1_0,fea,27,sad
sirakura_fea_fr_2_0,fea,27,fea
nakatakuma_fea_fr_1_0,fea,27,fea
nishio_hap_au_du_1_0,hap,27,hap
ota_hap_au_du_1_0,hap,27,hap
koyama_hap_au_du_1_0,hap,27,hap
iwagami_hap_au_du_2_0,hap,27,hap
henmi_hap_au_du_1_0,hap,27,hap
kikuguti_hap_au_du_4_0,hap,27,hap
sirakura_hap_au_du_2_0,hap,27,hap
nakatakuma_hap_au_du_1_0,hap,27,hap
nishio_sad_au_1_0,sad,27,sad
ota_sad_au_mouth_1_0,sad,27,sad
koyama_sad_au_mouth_1_0,sad,27,sad
iwagami_sad_au_mouth_3_0,sad,27,sad
henmi_sad_au_mouth_3_0,sad,27,sad
kikuguti_sad_au_1_0,sad,27,sad
sirakura_sad_au_mouth_1_0_130,sad,27,sad
nakatakuma_sad_au_2_0,sad,27,sad
nishio_sur_au_mouth_2_0,sur,27,sur
ota_sur_fr_1_0,sur,27,sur
koyama_sur_fr_2_0,sur,27,sur
iwagami_sur_au_mouth_2_0,sur,27,sur
henmi_sur_au_mouth_2_0,sur,27,sur
kikuguti_sur_fr_2_0,sur,27,sur
sirakura_sur_fr_1_0,sur,27,sur
nakatakuma_sur_au_mouth_2_0,sur,27,sur
nishio_ang_au_cl_2_0,ang,28,ang
ota_ang_au_cl_1_0,ang,28,ang
koyama_ang_au_cl_2_0,ang,28,ang
iwagami_ang_au_cl_1_0,ang,28,ang
henmi_ang_au_cl_4_0,ang,28,ang
kikuguti_ang_au_cl_1_0,ang,28,ang
sirakura_ang_au_cl_3_0,ang,28,fea
nakatakuma_ang_au_cl_2_0,ang,28,ang
nishio_dis_au_cl_3_0,dis,28,ang
ota_dis_au_cl_1_0,dis,28,dis
koyama_dis_au_cl_2_0,dis,28,dis
iwagami_dis_au_cl_1_0,dis,28,dis
henmi_dis_au_cl_1_0,dis,28,dis
kikuguti_dis_au_cl_4_0,dis,28,dis
sirakura_dis_au_cl_1_0,dis,28,sad
nakatakuma_dis_au_cl_1_0,dis,28,dis
nishio_fea_au_mouth_2_0,fea,28,fea
ota_fea_fr_2_0,fea,28,sur
koyama_fea_fr_2_0,fea,28,fea
iwagami_fea_au_mouth_1_0,fea,28,fea
henmi_fea_au_mouth_2_0,fea,28,sur
kikuguti_fea_au_mouth_1_0,fea,28,fea
sirakura_fea_fr_2_0,fea,28,fea
nakatakuma_fea_fr_1_0,fea,28,sur
nishio_hap_au_du_1_0,hap,28,hap
ota_hap_au_du_1_0,hap,28,hap
koyama_hap_au_du_1_0,hap,28,hap
iwagami_hap_au_du_2_0,hap,28,hap
henmi_hap_au_du_1_0,hap,28,hap
kikuguti_hap_au_du_4_0,hap,28,hap
sirakura_hap_au_du_2_0,hap,28,hap
nakatakuma_hap_au_du_1_0,hap,28,hap
nishio_sad_au_1_0,sad,28,sad
ota_sad_au_mouth_1_0,sad,28,sad
koyama_sad_au_mouth_1_0,sad,28,sad
iwagami_sad_au_mouth_3_0,sad,28,sad
henmi_sad_au_mouth_3_0,sad,28,sad
kikuguti_sad_au_1_0,sad,28,sad
sirakura_sad_au_mouth_1_0_130,sad,28,sad
nakatakuma_sad_au_2_0,sad,28,sad
nishio_sur_au_mouth_2_0,sur,28,sur
ota_sur_fr_1_0,sur,28,sur
koyama_sur_fr_2_0,sur,28,sur
iwagami_sur_au_mouth_2_0,sur,28,sur
henmi_sur_au_mouth_2_0,sur,28,sur
kikuguti_sur_fr_2_0,sur,28,sur
sirakura_sur_fr_1_0,sur,28,fea
nakatakuma_sur_au_mouth_2_0,sur,28,sur
nishio_ang_au_cl_2_0,ang,29,ang
ota_ang_au_cl_1_0,ang,29,ang
koyama_ang_au_cl_2_0,ang,29,ang
iwagami_ang_au_cl_1_0,ang,29,ang
henmi_ang_au_cl_4_0,ang,29,ang
kikuguti_ang_au_cl_1_0,ang,29,ang
sirakura_ang_au_cl_3_0,ang,29,ang
nakatakuma_ang_au_cl_2_0,ang,29,dis
nishio_dis_au_cl_3_0,dis,29,dis
ota_dis_au_cl_1_0,dis,29,dis
koyama_dis_au_cl_2_0,dis,29,dis
iwagami_dis_au_cl_1_0,dis,29,dis
henmi_dis_au_cl_1_0,dis,29,sad
kikuguti_dis_au_cl_4_0,dis,29,ang
sirakura_dis_au_cl_1_0,dis,29,sad
nakatakuma_dis_au_cl_1_0,dis,29,dis
nishio_fea_au_mouth_2_0,fea,29,fea
ota_fea_fr_2_0,fea,29,dis
koyama_fea_fr_2_0,fea,29,sur
iwagami_fea_au_mouth_1_0,fea,29,fea
henmi_fea_au_mouth_2_0,fea,29,fea
kikuguti_fea_au_mouth_1_0,fea,29,sad
sirakura_fea_fr_2_0,fea,29,sad
nakatakuma_fea_fr_1_0,fea,29,ang
nishio_hap_au_du_1_0,hap,29,hap
ota_hap_au_du_1_0,hap,29,hap
koyama_hap_au_du_1_0,hap,29,hap
iwagami_hap_au_du_2_0,hap,29,hap
henmi_hap_au_du_1_0,hap,29,hap
kikuguti_hap_au_du_4_0,hap,29,hap
sirakura_hap_au_du_2_0,hap,29,sad
nakatakuma_hap_au_du_1_0,hap,29,hap
nishio_sad_au_1_0,sad,29,sad
ota_sad_au_mouth_1_0,sad,29,sad
koyama_sad_au_mouth_1_0,sad,29,sad
iwagami_sad_au_mouth_3_0,sad,29,sad
henmi_sad_au_mouth_3_0,sad,29,sur
kikuguti_sad_au_1_0,sad,29,sad
sirakura_sad_au_mouth_1_0_130,sad,29,sad
nakatakuma_sad_au_2_0,sad,29,ang
nishio_sur_au_mouth_2_0,sur,29,hap
ota_sur_fr_1_0,sur,29,sur
koyama_sur_fr_2_0,sur,29,sur
iwagami_sur_au_mouth_2_0,sur,29,sur
henmi_sur_au_mouth_2_0,sur,29,sur
kikuguti_sur_fr_2_0,sur,29,sur
sirakura_sur_fr_1_0,sur,29,sur
nakatakuma_sur_au_mouth_2_0,sur,29,sur
nishio_ang_au_cl_2_0,ang,30,ang
ota_ang_au_cl_1_0,ang,30,ang
koyama_ang_au_cl_2_0,ang,30,ang
iwagami_ang_au_cl_1_0,ang,30,sad
henmi_ang_au_cl_4_0,ang,30,sad
kikuguti_ang_au_cl_1_0,ang,30,ang
sirakura_ang_au_cl_3_0,ang,30,ang
nakatakuma_ang_au_cl_2_0,ang,30,ang
nishio_dis_au_cl_3_0,dis,30,ang
ota_dis_au_cl_1_0,dis,30,ang
koyama_dis_au_cl_2_0,dis,30,dis
iwagami_dis_au_cl_1_0,dis,30,dis
henmi_dis_au_cl_1_0,dis,30,sad
kikuguti_dis_au_cl_4_0,dis,30,dis
sirakura_dis_au_cl_1_0,dis,30,sad
nakatakuma_dis_au_cl_1_0,dis,30,dis
nishio_fea_au_mouth_2_0,fea,30,ang
ota_fea_fr_2_0,fea,30,fea
koyama_fea_fr_2_0,fea,30,sur
iwagami_fea_au_mouth_1_0,fea,30,fea
henmi_fea_au_mouth_2_0,fea,30,fea
kikuguti_fea_au_mouth_1_0,fea,30,fea
sirakura_fea_fr_2_0,fea,30,fea
nakatakuma_fea_fr_1_0,fea,30,ang
nishio_hap_au_du_1_0,hap,30,hap
ota_hap_au_du_1_0,hap,30,hap
koyama_hap_au_du_1_0,hap,30,hap
iwagami_hap_au_du_2_0,hap,30,hap
henmi_hap_au_du_1_0,hap,30,hap
kikuguti_hap_au_du_4_0,hap,30,hap
sirakura_hap_au_du_2_0,hap,30,hap
nakatakuma_hap_au_du_1_0,hap,30,hap
nishio_sad_au_1_0,sad,30,sad
ota_sad_au_mouth_1_0,sad,30,sad
koyama_sad_au_mouth_1_0,sad,30,sad
iwagami_sad_au_mouth_3_0,sad,30,sad
henmi_sad_au_mouth_3_0,sad,30,sad
kikuguti_sad_au_1_0,sad,30,sad
sirakura_sad_au_mouth_1_0_130,sad,30,sad
nakatakuma_sad_au_2_0,sad,30,sad
nishio_sur_au_mouth_2_0,sur,30,sur
ota_sur_fr_1_0,sur,30,sur
koyama_sur_fr_2_0,sur,30,sur
iwagami_sur_au_mouth_2_0,sur,30,sur
henmi_sur_au_mouth_2_0,sur,30,fea
kikuguti_sur_fr_2_0,sur,30,sur
sirakura_sur_fr_1_0,sur,30,sur
nakatakuma_sur_au_mouth_2_0,sur,30,sur
nishio_ang_au_cl_2_0,ang,31,hap
ota_ang_au_cl_1_0,ang,31,fea
koyama_ang_au_cl_2_0,ang,31,dis
iwagami_ang_au_cl_1_0,ang,31,ang
henmi_ang_au_cl_4_0,ang,31,ang
kikuguti_ang_au_cl_1_0,ang,31,ang
sirakura_ang_au_cl_3_0,ang,31,dis
nakatakuma_ang_au_cl_2_0,ang,31,ang
nishio_dis_au_cl_3_0,dis,31,ang
ota_dis_au_cl_1_0,dis,31,ang
koyama_dis_au_cl_2_0,dis,31,dis
iwagami_dis_au_cl_1_0,dis,31,sad
henmi_dis_au_cl_1_0,dis,31,dis
kikuguti_dis_au_cl_4_0,dis,31,dis
sirakura_dis_au_cl_1_0,dis,31,dis
nakatakuma_dis_au_cl_1_0,dis,31,dis
nishio_fea_au_mouth_2_0,fea,31,fea
ota_fea_fr_2_0,fea,31,fea
koyama_fea_fr_2_0,fea,31,fea
iwagami_fea_au_mouth_1_0,fea,31,sur
henmi_fea_au_mouth_2_0,fea,31,fea
kikuguti_fea_au_mouth_1_0,fea,31,sur
sirakura_fea_fr_2_0,fea,31,fea
nakatakuma_fea_fr_1_0,fea,31,fea
nishio_hap_au_du_1_0,hap,31,hap
ota_hap_au_du_1_0,hap,31,hap
koyama_hap_au_du_1_0,hap,31,hap
iwagami_hap_au_du_2_0,hap,31,hap
henmi_hap_au_du_1_0,hap,31,hap
kikuguti_hap_au_du_4_0,hap,31,hap
sirakura_hap_au_du_2_0,hap,31,hap
nakatakuma_hap_au_du_1_0,hap,31,hap
nishio_sad_au_1_0,sad,31,sad
ota_sad_au_mouth_1_0,sad,31,sad
koyama_sad_au_mouth_1_0,sad,31,sad
iwagami_sad_au_mouth_3_0,sad,31,sad
henmi_sad_au_mouth_3_0,sad,31,sad
kikuguti_sad_au_1_0,sad,31,sad
sirakura_sad_au_mouth_1_0_130,sad,31,sad
nakatakuma_sad_au_2_0,sad,31,sad
nishio_sur_au_mouth_2_0,sur,31,sur
ota_sur_fr_1_0,sur,31,sur
koyama_sur_fr_2_0,sur,31,hap
iwagami_sur_au_mouth_2_0,sur,31,sad
henmi_sur_au_mouth_2_0,sur,31,fea
kikuguti_sur_fr_2_0,sur,31,sur
sirakura_sur_fr_1_0,sur,31,sur
nakatakuma_sur_au_mouth_2_0,sur,31,sur
nishio_ang_au_cl_2_0,ang,32,ang
ota_ang_au_cl_1_0,ang,32,dis
koyama_ang_au_cl_2_0,ang,32,ang
iwagami_ang_au_cl_1_0,ang,32,sur
henmi_ang_au_cl_4_0,ang,32,dis
kikuguti_ang_au_cl_1_0,ang,32,ang
sirakura_ang_au_cl_3_0,ang,32,dis
nakatakuma_ang_au_cl_2_0,ang,32,ang
nishio_dis_au_cl_3_0,dis,32,dis
ota_dis_au_cl_1_0,dis,32,dis
koyama_dis_au_cl_2_0,dis,32,ang
iwagami_dis_au_cl_1_0,dis,32,dis
henmi_dis_au_cl_1_0,dis,32,sur
kikuguti_dis_au_cl_4_0,dis,32,dis
sirakura_dis_au_cl_1_0,dis,32,sad
nakatakuma_dis_au_cl_1_0,dis,32,dis
nishio_fea_au_mouth_2_0,fea,32,sur
ota_fea_fr_2_0,fea,32,dis
koyama_fea_fr_2_0,fea,32,dis
iwagami_fea_au_mouth_1_0,fea,32,dis
henmi_fea_au_mouth_2_0,fea,32,dis
kikuguti_fea_au_mouth_1_0,fea,32,sur
sirakura_fea_fr_2_0,fea,32,sur
nakatakuma_fea_fr_1_0,fea,32,sur
nishio_hap_au_du_1_0,hap,32,sur
ota_hap_au_du_1_0,hap,32,dis
koyama_hap_au_du_1_0,hap,32,hap
iwagami_hap_au_du_2_0,hap,32,hap
henmi_hap_au_du_1_0,hap,32,hap
kikuguti_hap_au_du_4_0,hap,32,hap
sirakura_hap_au_du_2_0,hap,32,hap
nakatakuma_hap_au_du_1_0,hap,32,hap
nishio_sad_au_1_0,sad,32,fea
ota_sad_au_mouth_1_0,sad,32,sad
koyama_sad_au_mouth_1_0,sad,32,sad
iwagami_sad_au_mouth_3_0,sad,32,sad
henmi_sad_au_mouth_3_0,sad,32,sad
kikuguti_sad_au_1_0,sad,32,dis
sirakura_sad_au_mouth_1_0_130,sad,32,sad
nakatakuma_sad_au_2_0,sad,32,sur
nishio_sur_au_mouth_2_0,sur,32,sur
ota_sur_fr_1_0,sur,32,sur
koyama_sur_fr_2_0,sur,32,sur
iwagami_sur_au_mouth_2_0,sur,32,neu
henmi_sur_au_mouth_2_0,sur,32,sur
kikuguti_sur_fr_2_0,sur,32,sur
sirakura_sur_fr_1_0,sur,32,sur
nakatakuma_sur_au_mouth_2_0,sur,32,fea
nishio_ang_au_cl_2_0,ang,33,ang
ota_ang_au_cl_1_0,ang,33,ang
koyama_ang_au_cl_2_0,ang,33,dis
iwagami_ang_au_cl_1_0,ang,33,dis
henmi_ang_au_cl_4_0,ang,33,sad
kikuguti_ang_au_cl_1_0,ang,33,ang
sirakura_ang_au_cl_3_0,ang,33,fea
nakatakuma_ang_au_cl_2_0,ang,33,sur
nishio_dis_au_cl_3_0,dis,33,fea
ota_dis_au_cl_1_0,dis,33,dis
koyama_dis_au_cl_2_0,dis,33,dis
iwagami_dis_au_cl_1_0,dis,33,dis
henmi_dis_au_cl_1_0,dis,33,sad
kikuguti_dis_au_cl_4_0,dis,33,sur
sirakura_dis_au_cl_1_0,dis,33,sad
nakatakuma_dis_au_cl_1_0,dis,33,dis
nishio_fea_au_mouth_2_0,fea,33,fea
ota_fea_fr_2_0,fea,33,fea
koyama_fea_fr_2_0,fea,33,dis
iwagami_fea_au_mouth_1_0,fea,33,fea
henmi_fea_au_mouth_2_0,fea,33,fea
kikuguti_fea_au_mouth_1_0,fea,33,fea
sirakura_fea_fr_2_0,fea,33,dis
nakatakuma_fea_fr_1_0,fea,33,dis
nishio_hap_au_du_1_0,hap,33,hap
ota_hap_au_du_1_0,hap,33,hap
koyama_hap_au_du_1_0,hap,33,hap
iwagami_hap_au_du_2_0,hap,33,hap
henmi_hap_au_du_1_0,hap,33,hap
kikuguti_hap_au_du_4_0,hap,33,hap
sirakura_hap_au_du_2_0,hap,33,hap
nakatakuma_hap_au_du_1_0,hap,33,hap
nishio_sad_au_1_0,sad,33,sad
ota_sad_au_mouth_1_0,sad,33,sad
koyama_sad_au_mouth_1_0,sad,33,sad
iwagami_sad_au_mouth_3_0,sad,33,sad
henmi_sad_au_mouth_3_0,sad,33,sad
kikuguti_sad_au_1_0,sad,33,sad
sirakura_sad_au_mouth_1_0_130,sad,33,sad
nakatakuma_sad_au_2_0,sad,33,dis
nishio_sur_au_mouth_2_0,sur,33,sur
ota_sur_fr_1_0,sur,33,sur
koyama_sur_fr_2_0,sur,33,sur
iwagami_sur_au_mouth_2_0,sur,33,sur
henmi_sur_au_mouth_2_0,sur,33,sur
kikuguti_sur_fr_2_0,sur,33,fea
sirakura_sur_fr_1_0,sur,33,sur
nakatakuma_sur_au_mouth_2_0,sur,33,sur
nishio_ang_au_cl_2_0,ang,34,ang
ota_ang_au_cl_1_0,ang,34,ang
koyama_ang_au_cl_2_0,ang,34,ang
iwagami_ang_au_cl_1_0,ang,34,ang
henmi_ang_au_cl_4_0,ang,34,ang
kikuguti_ang_au_cl_1_0,ang,34,ang
sirakura_ang_au_cl_3_0,ang,34,ang
nakatakuma_ang_au_cl_2_0,ang,34,ang
nishio_dis_au_cl_3_0,dis,34,dis
ota_dis_au_cl_1_0,dis,34,dis
koyama_dis_au_cl_2_0,dis,34,dis
iwagami_dis_au_cl_1_0,dis,34,dis
henmi_dis_au_cl_1_0,dis,34,dis
kikuguti_dis_au_cl_4_0,dis,34,ang
sirakura_dis_au_cl_1_0,dis,34,dis
nakatakuma_dis_au_cl_1_0,dis,34,dis
nishio_fea_au_mouth_2_0,fea,34,fea
ota_fea_fr_2_0,fea,34,fea
koyama_fea_fr_2_0,fea,34,fea
iwagami_fea_au_mouth_1_0,fea,34,fea
henmi_fea_au_mouth_2_0,fea,34,fea
kikuguti_fea_au_mouth_1_0,fea,34,fea
sirakura_fea_fr_2_0,fea,34,fea
nakatakuma_fea_fr_1_0,fea,34,fea
nishio_hap_au_du_1_0,hap,34,hap
ota_hap_au_du_1_0,hap,34,hap
koyama_hap_au_du_1_0,hap,34,hap
iwagami_hap_au_du_2_0,hap,34,hap
henmi_hap_au_du_1_0,hap,34,hap
kikuguti_hap_au_du_4_0,hap,34,hap
sirakura_hap_au_du_2_0,hap,34,hap
nakatakuma_hap_au_du_1_0,hap,34,hap
nishio_sad_au_1_0,sad,34,sad
ota_sad_au_mouth_1_0,sad,34,sad
koyama_sad_au_mouth_1_0,sad,34,sad
iwagami_sad_au_mouth_3_0,sad,34,sad
henmi_sad_au_mouth_3_0,sad,34,sad
kikuguti_sad_au_1_0,sad,34,sad
sirakura_sad_au_mouth_1_0_130,sad,34,sad
nakatakuma_sad_au_2_0,sad,34,sad
nishio_sur_au_mouth_2_0,sur,34,sur
ota_sur_fr_1_0,sur,34,sur
koyama_sur_fr_2_0,sur,34,sur
iwagami_sur_au_mouth_2_0,sur,34,sur
henmi_sur_au_mouth_2_0,sur,34,sur
kikuguti_sur_fr_2_0,sur,34,sur
sirakura_sur_fr_1_0,sur,34,sur
nakatakuma_sur_au_mouth_2_0,sur,34,sur
nishio_ang_au_cl_2_0,ang,35,ang
ota_ang_au_cl_1_0,ang,35,ang
koyama_ang_au_cl_2_0,ang,35,ang
iwagami_ang_au_cl_1_0,ang,35,ang
henmi_ang_au_cl_4_0,ang,35,ang
kikuguti_ang_au_cl_1_0,ang,35,ang
sirakura_ang_au_cl_3_0,ang,35,dis
nakatakuma_ang_au_cl_2_0,ang,35,ang
nishio_dis_au_cl_3_0,dis,35,ang
ota_dis_au_cl_1_0,dis,35,dis
koyama_dis_au_cl_2_0,dis,35,dis
iwagami_dis_au_cl_1_0,dis,35,dis
henmi_dis_au_cl_1_0,dis,35,dis
kikuguti_dis_au_cl_4_0,dis,35,dis
sirakura_dis_au_cl_1_0,dis,35,sad
nakatakuma_dis_au_cl_1_0,dis,35,dis
nishio_fea_au_mouth_2_0,fea,35,fea
ota_fea_fr_2_0,fea,35,fea
koyama_fea_fr_2_0,fea,35,fea
iwagami_fea_au_mouth_1_0,fea,35,fea
henmi_fea_au_mouth_2_0,fea,35,fea
kikuguti_fea_au_mouth_1_0,fea,35,sad
sirakura_fea_fr_2_0,fea,35,fea
nakatakuma_fea_fr_1_0,fea,35,fea
nishio_hap_au_du_1_0,hap,35,hap
ota_hap_au_du_1_0,hap,35,hap
koyama_hap_au_du_1_0,hap,35,hap
iwagami_hap_au_du_2_0,hap,35,hap
henmi_hap_au_du_1_0,hap,35,hap
kikuguti_hap_au_du_4_0,hap,35,hap
sirakura_hap_au_du_2_0,hap,35,hap
nakatakuma_hap_au_du_1_0,hap,35,hap
nishio_sad_au_1_0,sad,35,sad
ota_sad_au_mouth_1_0,sad,35,sad
koyama_sad_au_mouth_1_0,sad,35,sad
iwagami_sad_au_mouth_3_0,sad,35,sad
henmi_sad_au_mouth_3_0,sad,35,sad
kikuguti_sad_au_1_0,sad,35,sad
sirakura_sad_au_mouth_1_0_130,sad,35,sad
nakatakuma_sad_au_2_0,sad,35,sad
nishio_sur_au_mouth_2_0,sur,35,sur
ota_sur_fr_1_0,sur,35,sur
koyama_sur_fr_2_0,sur,35,sur
iwagami_sur_au_mouth_2_0,sur,35,sur
henmi_sur_au_mouth_2_0,sur,35,sur
kikuguti_sur_fr_2_0,sur,35,sur
sirakura_sur_fr_1_0,sur,35,sur
nakatakuma_sur_au_mouth_2_0,sur,35,sur
nishio_ang_au_cl_2_0,ang,36,ang
ota_ang_au_cl_1_0,ang,36,ang
koyama_ang_au_cl_2_0,ang,36,ang
iwagami_ang_au_cl_1_0,ang,36,sad
henmi_ang_au_cl_4_0,ang,36,ang
kikuguti_ang_au_cl_1_0,ang,36,ang
sirakura_ang_au_cl_3_0,ang,36,dis
nakatakuma_ang_au_cl_2_0,ang,36,ang
nishio_dis_au_cl_3_0,dis,36,dis
ota_dis_au_cl_1_0,dis,36,dis
koyama_dis_au_cl_2_0,dis,36,dis
iwagami_dis_au_cl_1_0,dis,36,dis
henmi_dis_au_cl_1_0,dis,36,dis
kikuguti_dis_au_cl_4_0,dis,36,dis
sirakura_dis_au_cl_1_0,dis,36,dis
nakatakuma_dis_au_cl_1_0,dis,36,dis
nishio_fea_au_mouth_2_0,fea,36,fea
ota_fea_fr_2_0,fea,36,fea
koyama_fea_fr_2_0,fea,36,fea
iwagami_fea_au_mouth_1_0,fea,36,fea
henmi_fea_au_mouth_2_0,fea,36,fea
kikuguti_fea_au_mouth_1_0,fea,36,sad
sirakura_fea_fr_2_0,fea,36,fea
nakatakuma_fea_fr_1_0,fea,36,fea
nishio_hap_au_du_1_0,hap,36,hap
ota_hap_au_du_1_0,hap,36,hap
koyama_hap_au_du_1_0,hap,36,hap
iwagami_hap_au_du_2_0,hap,36,hap
henmi_hap_au_du_1_0,hap,36,hap
kikuguti_hap_au_du_4_0,hap,36,hap
sirakura_hap_au_du_2_0,hap,36,hap
nakatakuma_hap_au_du_1_0,hap,36,hap
nishio_sad_au_1_0,sad,36,sad
ota_sad_au_mouth_1_0,sad,36,sad
koyama_sad_au_mouth_1_0,sad,36,sad
iwagami_sad_au_mouth_3_0,sad,36,sad
henmi_sad_au_mouth_3_0,sad,36,sad
kikuguti_sad_au_1_0,sad,36,sad
sirakura_sad_au_mouth_1_0_130,sad,36,sad
nakatakuma_sad_au_2_0,sad,36,sad
nishio_sur_au_mouth_2_0,sur,36,sur
ota_sur_fr_1_0,sur,36,sur
koyama_sur_fr_2_0,sur,36,sur
iwagami_sur_au_mouth_2_0,sur,36,sur
henmi_sur_au_mouth_2_0,sur,36,sur
kikuguti_sur_fr_2_0,sur,36,sur
sirakura_sur_fr_1_0,sur,36,sur
nakatakuma_sur_au_mouth_2_0,sur,36,sur
nishio_ang_au_cl_2_0,ang,37,ang
ota_ang_au_cl_1_0,ang,37,ang
koyama_ang_au_cl_2_0,ang,37,ang
iwagami_ang_au_cl_1_0,ang,37,ang
henmi_ang_au_cl_4_0,ang,37,ang
kikuguti_ang_au_cl_1_0,ang,37,ang
sirakura_ang_au_cl_3_0,ang,37,ang
nakatakuma_ang_au_cl_2_0,ang,37,ang
nishio_dis_au_cl_3_0,dis,37,dis
ota_dis_au_cl_1_0,dis,37,dis
koyama_dis_au_cl_2_0,dis,37,dis
iwagami_dis_au_cl_1_0,dis,37,dis
henmi_dis_au_cl_1_0,dis,37,dis
kikuguti_dis_au_cl_4_0,dis,37,dis
sirakura_dis_au_cl_1_0,dis,37,dis
nakatakuma_dis_au_cl_1_0,dis,37,dis
nishio_fea_au_mouth_2_0,fea,37,fea
ota_fea_fr_2_0,fea,37,fea
koyama_fea_fr_2_0,fea,37,sur
iwagami_fea_au_mouth_1_0,fea,37,fea
henmi_fea_au_mouth_2_0,fea,37,fea
kikuguti_fea_au_mouth_1_0,fea,37,sad
sirakura_fea_fr_2_0,fea,37,fea
nakatakuma_fea_fr_1_0,fea,37,fea
nishio_hap_au_du_1_0,hap,37,hap
ota_hap_au_du_1_0,hap,37,hap
koyama_hap_au_du_1_0,hap,37,hap
iwagami_hap_au_du_2_0,hap,37,hap
henmi_hap_au_du_1_0,hap,37,hap
kikuguti_hap_au_du_4_0,hap,37,hap
sirakura_hap_au_du_2_0,hap,37,hap
nakatakuma_hap_au_du_1_0,hap,37,hap
nishio_sad_au_1_0,sad,37,sad
ota_sad_au_mouth_1_0,sad,37,sad
koyama_sad_au_mouth_1_0,sad,37,sad
iwagami_sad_au_mouth_3_0,sad,37,sad
henmi_sad_au_mouth_3_0,sad,37,sad
kikuguti_sad_au_1_0,sad,37,sad
sirakura_sad_au_mouth_1_0_130,sad,37,sad
nakatakuma_sad_au_2_0,sad,37,sad
nishio_sur_au_mouth_2_0,sur,37,sur
ota_sur_fr_1_0,sur,37,sur
koyama_sur_fr_2_0,sur,37,sur
iwagami_sur_au_mouth_2_0,sur,37,sur
henmi_sur_au_mouth_2_0,sur,37,sur
kikuguti_sur_fr_2_0,sur,37,fea
sirakura_sur_fr_1_0,sur,37,sur
nakatakuma_sur_au_mouth_2_0,sur,37,sur
nishio_ang_au_cl_2_0,ang,38,ang
ota_ang_au_cl_1_0,ang,38,ang
koyama_ang_au_cl_2_0,ang,38,ang
iwagami_ang_au_cl_1_0,ang,38,ang
henmi_ang_au_cl_4_0,ang,38,ang
kikuguti_ang_au_cl_1_0,ang,38,ang
sirakura_ang_au_cl_3_0,ang,38,ang
nakatakuma_ang_au_cl_2_0,ang,38,ang
nishio_dis_au_cl_3_0,dis,38,sad
ota_dis_au_cl_1_0,dis,38,dis
koyama_dis_au_cl_2_0,dis,38,dis
iwagami_dis_au_cl_1_0,dis,38,dis
henmi_dis_au_cl_1_0,dis,38,dis
kikuguti_dis_au_cl_4_0,dis,38,dis
sirakura_dis_au_cl_1_0,dis,38,sad
nakatakuma_dis_au_cl_1_0,dis,38,dis
nishio_fea_au_mouth_2_0,fea,38,fea
ota_fea_fr_2_0,fea,38,fea
koyama_fea_fr_2_0,fea,38,fea
iwagami_fea_au_mouth_1_0,fea,38,fea
henmi_fea_au_mouth_2_0,fea,38,fea
kikuguti_fea_au_mouth_1_0,fea,38,sad
sirakura_fea_fr_2_0,fea,38,fea
nakatakuma_fea_fr_1_0,fea,38,fea
nishio_hap_au_du_1_0,hap,38,hap
ota_hap_au_du_1_0,hap,38,hap
koyama_hap_au_du_1_0,hap,38,hap
iwagami_hap_au_du_2_0,hap,38,hap
henmi_hap_au_du_1_0,hap,38,hap
kikuguti_hap_au_du_4_0,hap,38,hap
sirakura_hap_au_du_2_0,hap,38,hap
nakatakuma_hap_au_du_1_0,hap,38,hap
nishio_sad_au_1_0,sad,38,sad
ota_sad_au_mouth_1_0,sad,38,sad
koyama_sad_au_mouth_1_0,sad,38,sad
iwagami_sad_au_mouth_3_0,sad,38,sad
henmi_sad_au_mouth_3_0,sad,38,sad
kikuguti_sad_au_1_0,sad,38,sad
sirakura_sad_au_mouth_1_0_130,sad,38,sad
nakatakuma_sad_au_2_0,sad,38,sad
nishio_sur_au_mouth_2_0,sur,38,fea
ota_sur_fr_1_0,sur,38,sur
koyama_sur_fr_2_0,sur,38,sur
iwagami_sur_au_mouth_2_0,sur,38,sur
henmi_sur_au_mouth_2_0,sur,38,sur
kikuguti_sur_fr_2_0,sur,38,sur
sirakura_sur_fr_1_0,sur,38,sur
nakatakuma_sur_au_mouth_2_0,sur,38,sur
